Cpu,Gpu,Ram,Price_range
"Intel Core i5 2.3GHz","Intel Iris Plus Graphics 640",8GB,50k-75K
"Intel Core i5 1.8GHz","Intel HD Graphics 6000",8GB,25k-50k
"Intel Core i5 7200U 2.5GHz","Intel HD Graphics 620",8GB,25k-50k
"Intel Core i7 2.7GHz","AMD Radeon Pro 455",16GB,100k+
"Intel Core i5 3.1GHz","Intel Iris Plus Graphics 650",8GB,75k-100K
"AMD A9-Series 9420 3GHz","AMD Radeon R5",4GB,>25k
"Intel Core i7 2.2GHz","Intel Iris Pro Graphics",16GB,100k+
"Intel Core i5 1.8GHz","Intel HD Graphics 6000",8GB,50k-75K
"Intel Core i7 8550U 1.8GHz","Nvidia GeForce MX150",16GB,75k-100K
"Intel Core i5 8250U 1.6GHz","Intel UHD Graphics 620",8GB,25k-50k
"Intel Core i5 7200U 2.5GHz","Intel HD Graphics 620",4GB,>25k
"Intel Core i3 6006U 2GHz","Intel HD Graphics 520",4GB,>25k
"Intel Core i7 2.8GHz","AMD Radeon Pro 555",16GB,100k+
"Intel Core i3 6006U 2GHz","AMD Radeon R5 M430",4GB,25k-50k
"Intel Core M m3 1.2GHz","Intel HD Graphics 615",8GB,50k-75K
"Intel Core i5 2.3GHz","Intel Iris Plus Graphics 640",8GB,75k-100K
"Intel Core i7 7500U 2.7GHz","AMD Radeon R5 M430",8GB,25k-50k
"Intel Core i7 2.9GHz","AMD Radeon Pro 560",16GB,100k+
"Intel Core i3 7100U 2.4GHz","Nvidia GeForce 940MX",8GB,25k-50k
"Intel Core i5 8250U 1.6GHz","Intel UHD Graphics 620",8GB,50k-75K
"Intel Core i5 7300HQ 2.5GHz","Nvidia GeForce GTX 1050",8GB,50k-75K
"AMD E-Series E2-9000e 1.5GHz","AMD Radeon R2",4GB,>25k
"Intel Core i5 8250U 1.6GHz","Intel UHD Graphics 620",8GB,25k-50k
"Intel Core i7 8550U 1.8GHz","Intel HD Graphics 620",8GB,25k-50k
"Intel Core i3 6006U 2GHz","Intel HD Graphics 520",4GB,>25k
"Intel Core i5 1.6GHz","Intel HD Graphics 6000",8GB,50k-75K
"Intel Core i5 8250U 1.6GHz","AMD Radeon 530",8GB,25k-50k
"Intel Core i7 8650U 1.9GHz","Intel UHD Graphics 620",8GB,50k-75K
"Intel Core i5 8250U 1.6GHz","Nvidia GeForce 930MX",8GB,25k-50k
"Intel Atom x5-Z8300 1.44GHz","Intel HD Graphics",4GB,>25k
"AMD E-Series E2-6110 1.5GHz","AMD Radeon R2",2GB,>25k
"AMD A6-Series 9220 2.5GHz","AMD Radeon 530",4GB,>25k
"Intel Core i7 8550U 1.8GHz","Intel UHD Graphics 620",16GB,75k-100K
"Intel Core i5 1.6GHz","Intel HD Graphics 6000",8GB,50k-75K
"Intel Celeron Dual Core N3350 1.1GHz","Intel HD Graphics 500",4GB,>25k
"Intel Core i3 7130U 2.7GHz","Intel HD Graphics 620",4GB,>25k
"Intel Core i5 8250U 1.6GHz","AMD Radeon 530",8GB,50k-75K
"Intel Core i5 7200U 2.5GHz","Intel HD Graphics 620",4GB,25k-50k
"Intel Core i5 8250U 1.6GHz","Nvidia GeForce 930MX ",8GB,25k-50k
"Intel Core i3 6006U 2GHz","Intel HD Graphics 620",4GB,>25k
"Intel Core i7 7700HQ 2.8GHz","Nvidia GeForce GTX 1060",16GB,75k-100K
"Intel Core i5 7200U 2.5GHz","Nvidia GeForce 940MX",8GB,25k-50k
"Intel Core i5 8250U 1.6GHz","Intel UHD Graphics 620",4GB,25k-50k
"Intel Core i5 8250U 1.6GHz","Nvidia GeForce 150MX",12GB,50k-75K
"Intel Core i5 2.0GHz","Intel Iris Graphics 540",8GB,75k-100K
"AMD Ryzen 1700 3GHz","AMD Radeon RX 580",8GB,50k-75K
"Intel Core i5 7200U 2.5GHz","AMD Radeon R5 M430",4GB,25k-50k
"Intel Pentium Quad Core N4200 1.1GHz","Nvidia GeForce 920MX",4GB,>25k
"Intel Core i7 8550U 1.8GHz","Nvidia GeForce MX150",8GB,25k-50k
"AMD A6-Series 9220 2.5GHz","AMD Radeon R4 Graphics",4GB,>25k
"Intel Core i7 8550U 1.8GHz","Intel UHD Graphics 620",8GB,50k-75K
"Intel Core i3 7100U 2.4GHz","Intel HD Graphics 620",4GB,>25k
"Intel Core i7 8550U 1.8GHz","AMD Radeon 520",8GB,25k-50k
"Intel Core i3 6006U 2GHz","Intel HD Graphics 520",4GB,>25k
"Intel Core i5 7200U 2.5GHz","Intel HD Graphics 620",4GB,25k-50k
"Intel Core i7 7700HQ 2.8GHz","Nvidia GeForce GTX 1070",16GB,100k+
"Intel Core i3 6006U 2GHz","Intel HD Graphics 520",4GB,>25k
"Intel Core i7 8550U 1.8GHz","AMD Radeon 530",16GB,50k-75K
"Intel Core i5 8250U 1.6GHz","Intel UHD Graphics 620",8GB,25k-50k
"Intel Core i3 7130U 2.7GHz","Intel HD Graphics 620",8GB,25k-50k
"Intel Core i5 8250U 1.6GHz","Intel UHD Graphics 620",8GB,50k-75K
"Intel Core i5 7200U 2.5GHz","Intel HD Graphics 620",8GB,25k-50k
"Intel Core i7 7700HQ 2.8GHz","Nvidia GeForce GTX 1050 Ti",16GB,100k+
"Intel Core i3 6006U 2GHz","AMD Radeon 520",4GB,>25k
"Intel Celeron Dual Core N3060 1.6GHz","Intel HD Graphics 400",4GB,>25k
"Intel Core i5 7200U 2.5GHz","Intel HD Graphics 620",4GB,25k-50k
"Intel Core i7 7700HQ 2.8GHz","Nvidia GeForce GTX 1050 Ti",12GB,50k-75K
"Intel Core i5 7200U 2.5GHz","Intel HD Graphics 620",4GB,50k-75K
"Intel Core i7 8550U 1.8GHz","AMD Radeon 530",64GB,50k-75K
"Intel Core i7 8550U 1.8GHz","AMD Radeon 530",8GB,25k-50k
"Intel Core i5 7300HQ 2.5GHz","Nvidia GeForce GTX 1050",8GB,50k-75K
"Intel Core i3 6006U 2GHz","Intel HD Graphics 520",8GB,>25k
"Intel Core i7 7700HQ 2.8GHz","Nvidia GeForce GTX 1050",8GB,50k-75K
"Intel Core i5 7200U 2.5GHz","Intel HD Graphics 620",8GB,25k-50k
"Intel Core i7 8550U 1.8GHz","Intel UHD Graphics 620",8GB,25k-50k
"Intel Core i3 7130U 2.7GHz","Nvidia GeForce MX130",4GB,25k-50k
"Intel Core i5 8250U 1.6GHz","Nvidia GeForce 930MX",8GB,50k-75K
"Intel Core i5 8250U 1.6GHz","Intel UHD Graphics 620",8GB,50k-75K
"Intel Core i5 1.3GHz","Intel HD Graphics 615",8GB,75k-100K
"Intel Core i5 8250U 1.6GHz","Intel HD Graphics 620",8GB,25k-50k
"AMD A6-Series 9220 2.5GHz","AMD R4 Graphics",4GB,>25k
"AMD A9-Series 9420 3GHz","AMD Radeon R5",4GB,>25k
"Intel Core i7 7700HQ 2.8GHz","Nvidia GeForce GTX 1050 Ti",16GB,50k-75K
"Intel Core i7 8550U 1.8GHz","Nvidia GeForce GTX 940MX",8GB,25k-50k
"Intel Core i5 7200U 2.5GHz","Intel HD Graphics 620",8GB,25k-50k
"Intel Core i7 7700HQ 2.8GHz","Nvidia GeForce GTX 1060",16GB,75k-100K
"Intel Core i7 8550U 1.8GHz","Intel UHD Graphics 620",8GB,75k-100K
"AMD FX 9830P 3GHz","AMD Radeon RX 560",8GB,25k-50k
"Intel Core i7 8550U 1.8GHz","Nvidia GeForce MX150",2GB,25k-50k
"Intel Core i7 8550U 1.8GHz","Intel UHD Graphics 620",16GB,50k-75K
"Intel Core i5 7300HQ 2.5GHz","Nvidia GeForce GTX 1060",8GB,50k-75K
"Intel Core i7 7500U 2.7GHz","Intel HD Graphics 620",8GB,50k-75K
"Intel Core i5 8250U 1.6GHz","Intel UHD Graphics 620",8GB,25k-50k
"Intel Core i7 7500U 2.7GHz","AMD Radeon R5 M430",8GB,25k-50k
"Intel Core i3 6006U 2GHz","AMD Radeon R5 M430",4GB,25k-50k
"Intel Core i3 7100U 2.4GHz","Nvidia GeForce 920M",6GB,25k-50k
"Intel Core i7 7700HQ 2.8GHz","Nvidia GeForce GTX 1050",12GB,50k-75K
"Intel Core i7 7500U 2.7GHz","AMD Radeon 530",8GB,25k-50k
"AMD E-Series E2-9000e 1.5GHz","AMD Radeon R2",4GB,>25k
"Intel Core i5 8250U 1.6GHz","AMD Radeon 520",8GB,25k-50k
"Intel Core i7 7500U 2.7GHz","Nvidia GeForce MX150",8GB,50k-75K
"Intel Core i5 7200U 2.5GHz","Intel HD Graphics 620",8GB,50k-75K
"Intel Core i5 7200U 2.5GHz","Nvidia GeForce 940MX",6GB,25k-50k
"Intel Core i3 6006U 2GHz","Intel HD Graphics 520",4GB,>25k
"Intel Core i7 7500U 2.7GHz","Nvidia GeForce 940MX",8GB,50k-75K
"Intel Core i7 7700HQ 2.8GHz","Nvidia GeForce GTX 1050 Ti",16GB,50k-75K
"Intel Core i7 7500U 2.7GHz","Intel HD Graphics 620",8GB,75k-100K
"Intel Core i7 8550U 1.8GHz","Nvidia GeForce MX150",16GB,50k-75K
"Intel Core i7 7560U 2.4GHz","Intel Iris Plus Graphics 640",8GB,50k-75K
"Intel Core i5 7200U 2.5GHz","Intel HD Graphics 620",8GB,50k-75K
"Intel Core i5 8250U 1.6GHz","Intel UHD Graphics 620",4GB,25k-50k
"Intel Core i5 8250U 1.6GHz","Intel UHD Graphics 620",8GB,75k-100K
"Intel Core i7 8550U 1.8GHz","Intel UHD Graphics 620",8GB,50k-75K
"Intel Core i7 8550U 1.8GHz","Nvidia GeForce 940MX",8GB,50k-75K
"Intel Core i3 6006U 2GHz","Nvidia GeForce 920MX",4GB,25k-50k
"Intel Core i7 8550U 1.8GHz","Nvidia GeForce 940MX",8GB,50k-75K
"Intel Core i3 7100U 2.4GHz","Intel HD Graphics 620",6GB,25k-50k
"Intel Core i7 7700HQ 2.8GHz","Nvidia GeForce GTX 1070",16GB,100k+
"Intel Core i5 7200U 2.5GHz","Nvidia GeForce 940MX",8GB,25k-50k
"Intel Core i7 8550U 1.8GHz","Nvidia GeForce 930MX ",16GB,50k-75K
"AMD A9-Series 9420 3GHz","AMD Radeon R5",4GB,>25k
"Intel Core i5 8250U 1.6GHz","Intel UHD Graphics 620",8GB,25k-50k
"AMD E-Series 6110 1.5GHz","AMD Radeon R2",4GB,>25k
"Intel Core i7 8550U 1.8GHz","AMD Radeon 530",16GB,50k-75K
"Intel Core i5 8250U 1.6GHz","Intel UHD Graphics 620",8GB,25k-50k
"Intel Core i5 7200U 2.5GHz","AMD Radeon R7 M445",8GB,25k-50k
"Intel Core i3 6006U 2GHz","AMD Radeon R5 M430",4GB,>25k
"Intel Core i7 8550U 1.8GHz","Intel UHD Graphics 620",8GB,25k-50k
"Intel Core i3 7130U 2.7GHz","Nvidia GeForce MX130",4GB,25k-50k
"Intel Core i7 7500U 2.7GHz","Intel HD Graphics 620",8GB,25k-50k
"Intel Core i7 8550U 1.8GHz","Intel UHD Graphics 620",8GB,50k-75K
"Intel Celeron Dual Core N3350 1.1GHz","Intel HD Graphics 500",4GB,>25k
"Intel Core i5 7300HQ 2.5GHz","Nvidia GeForce GTX 1050",8GB,25k-50k
"Intel Core i5 7200U 2.5GHz","Nvidia GeForce 920MX",4GB,25k-50k
"Intel Core i5 7200U 2.5GHz","Intel HD Graphics 620",4GB,25k-50k
"Intel Core i3 7130U 2.7GHz","Nvidia GeForce MX130",4GB,25k-50k
"Intel Core i5 8250U 1.6GHz","AMD Radeon RX 550",8GB,50k-75K
"Intel Core i7 7700HQ 2.8GHz","Nvidia GeForce GTX 1050M",8GB,25k-50k
"Intel Core i5 6200U 2.3GHz","Intel HD Graphics 520",4GB,25k-50k
"AMD A6-Series 9220 2.5GHz","AMD Radeon R4 Graphics",4GB,>25k
"Intel Core i7 8550U 1.8GHz","Intel UHD Graphics 620",8GB,50k-75K
"Intel Core M 6Y75 1.2GHz","Intel HD Graphics 515",8GB,100k+
"Intel Celeron Dual Core N3350 1.1GHz","Intel HD Graphics 500",4GB,>25k
"Intel Core i3 6006U 2GHz","Intel HD Graphics 520",4GB,>25k
"Intel Core i7 7700HQ 2.8GHz","Nvidia GeForce GTX 1050",16GB,50k-75K
"Intel Core i7 7700HQ 2.8GHz","Nvidia GeForce GTX 1050",8GB,25k-50k
"Intel Core i5 7200U 2.5GHz","Intel HD Graphics 620",4GB,25k-50k
"Intel Core i7 7700HQ 2.8GHz","Nvidia GeForce GTX 1060",16GB,100k+
"Intel Core i5 7500U 2.7GHz","Intel HD Graphics 620",4GB,50k-75K
"Intel Core i5 8250U 1.6GHz","AMD Radeon 520",6GB,25k-50k
"Intel Core i3 7100U 2.4GHz","Intel HD Graphics 620",4GB,25k-50k
"Intel Core i5 8250U 1.6GHz","Intel HD Graphics 620",8GB,50k-75K
"Intel Core i7 8550U 1.8GHz","Intel UHD Graphics 620",8GB,50k-75K
"Intel Core i3 6006U 2.2GHz","Intel HD Graphics 520",4GB,>25k
"AMD A9-Series 9420 3GHz","AMD Radeon R5 M420",4GB,>25k
"Intel Core i5 8250U 1.6GHz","Nvidia GeForce MX150",4GB,25k-50k
"Intel Core i5 8250U 1.6GHz","AMD Radeon 520",8GB,25k-50k
"Intel Core i7 7700HQ 2.8GHz","Nvidia GeForce GTX 1050 Ti",16GB,50k-75K
"Intel Celeron Dual Core N3350 1.1GHz","Intel HD Graphics 500",4GB,>25k
"Intel Core i7 7700HQ 2.8GHz","Nvidia GeForce GTX 1060",16GB,75k-100K
"Intel Pentium Quad Core N4200 1.1GHz","Intel HD Graphics 505",4GB,>25k
"Intel Core i7 7700HQ 2.8GHz","Nvidia GeForce GTX 1050",8GB,50k-75K
"Intel Core i5 8250U 1.6GHz","Nvidia GeForce MX150",8GB,25k-50k
"Intel Core i5 8250U 1.6GHz","Intel UHD Graphics 620",4GB,25k-50k
"Intel Core i5 7200U 2.5GHz","Intel HD Graphics 620",8GB,50k-75K
"Intel Core i5 7200U 2.5GHz","AMD Radeon 520",6GB,25k-50k
"AMD A6-Series 9220 2.9GHz","AMD Radeon R4 Graphics",4GB,>25k
"Intel Core i3 7100U 2.4GHz","Intel HD Graphics 620",4GB,25k-50k
"Intel Core i5 8250U 1.6GHz","Nvidia GeForce 930MX",8GB,25k-50k
"Intel Core i3 7100U 2.4GHz","Intel HD Graphics 620",8GB,>25k
"Intel Core i3 6006U 2GHz","Intel HD Graphics 520",4GB,>25k
"Intel Core i7 6920HQ 2.9GHz","Nvidia GTX 980 SLI",32GB,100k+
"Intel Core i5 7200U 2.5GHz","AMD R17M-M1-70",8GB,25k-50k
"Intel Core i5 8250U 1.6GHz","Intel UHD Graphics 620",8GB,75k-100K
"Intel Core i7 8550U 1.8GHz","AMD Radeon 530",16GB,50k-75K
"Intel Core i5 8250U 1.6GHz","Intel UHD Graphics 620",8GB,50k-75K
"Intel Core i7 8550U 1.8GHz","Intel UHD Graphics 620",16GB,75k-100K
"Intel Core i5 7200U 2.5GHz","Intel HD Graphics 620",8GB,25k-50k
"Intel Core i5 8250U 1.6GHz","Nvidia GeForce MX150",8GB,50k-75K
"Intel Core i7 8550U 1.8GHz","Nvidia GeForce 150MX",16GB,75k-100K
"Intel Core i7 7700HQ 2.8GHz","Nvidia GeForce GTX 1050",16GB,100k+
"Intel Core i5 7300HQ 2.5GHz","Nvidia GeForce GTX 1050",8GB,25k-50k
"Intel Core i5 7Y54 1.2GHz","Intel HD Graphics 615",8GB,50k-75K
"Intel Core i7 8550U 1.8GHz","AMD Radeon 530",8GB,50k-75K
"Intel Celeron Dual Core N3350 1.1GHz","Intel HD Graphics 500",4GB,>25k
"Intel Core i5 7200U 2.5GHz","Nvidia GeForce MX150",8GB,50k-75K
"Intel Core i5 8250U 1.6GHz","Nvidia GeForce MX150",8GB,25k-50k
"Intel Core i7 8550U 1.8GHz","Intel UHD Graphics 620",8GB,25k-50k
"Intel Core i5 8250U 1.6GHz","Nvidia GeForce 930MX",8GB,25k-50k
"Intel Core i7 7820HK 2.9GHz","Nvidia GeForce GTX 1080",32GB,100k+
"Intel Core i5 8250U 1.6GHz","Intel UHD Graphics 620",8GB,50k-75K
"Intel Core i7 7700HQ 2.8GHz","Nvidia GeForce GTX 1050",16GB,50k-75K
"Intel Core i7 8550U 1.8GHz","Nvidia GeForce 930MX ",8GB,50k-75K
"Intel Core i7 7700HQ 2.8GHz","Nvidia GeForce GTX 1060",16GB,75k-100K
"Intel Core i5 6200U 2.3GHz","Intel HD Graphics 520",4GB,25k-50k
"Intel Core i7 7500U 2.7GHz","Nvidia GeForce 940MX",8GB,25k-50k
"Intel Core i7 7700HQ 2.8GHz","Nvidia GeForce GTX 1060",16GB,75k-100K
"Intel Xeon E3-1505M V6 3GHz","Nvidia Quadro M1200",16GB,100k+
"Intel Core i7 7700HQ 2.8GHz","Nvidia GeForce GTX 1060",16GB,50k-75K
"Intel Core i3 7100U 2.4GHz","Intel HD Graphics 620",6GB,>25k
"Intel Core i7 8550U 1.8GHz","Intel UHD Graphics 620",8GB,100k+
"Intel Core i7 8550U 1.8GHz","Intel UHD Graphics 620",8GB,75k-100K
"Intel Core i7 7700HQ 2.8GHz","Nvidia GeForce GTX 1050",8GB,25k-50k
"Intel Core i7 7700HQ 2.8GHz","Nvidia GeForce GTX 1050",16GB,50k-75K
"Intel Core i3 6006U 2GHz","Intel HD Graphics 520",4GB,>25k
"Intel Core i5 7200U 2.5GHz","Intel HD Graphics 620",8GB,25k-50k
"Intel Core i7 7500U 2.7GHz","Intel HD Graphics 620",8GB,75k-100K
"Intel Core i7 8550U 1.8GHz","AMD Radeon 530",8GB,25k-50k
"Intel Core i5 7200U 2.5GHz","Nvidia GeForce GTX 940MX",8GB,25k-50k
"Intel Core i7 8550U 1.8GHz","Nvidia GeForce 930MX",8GB,50k-75K
"Intel Core i5 8250U 1.6GHz","Intel UHD Graphics 620",8GB,50k-75K
"Intel Core i7 8550U 1.8GHz","Intel UHD Graphics 620",16GB,50k-75K
"Intel Core i5 8250U 1.6GHz","AMD Radeon 520",8GB,25k-50k
"Intel Core i5 8250U 1.6GHz","Intel UHD Graphics 620",8GB,25k-50k
"Intel Core i7 6500U 2.5GHz","Intel HD Graphics 520",8GB,50k-75K
"Intel Core i5 8250U 1.6GHz","Intel UHD Graphics 620",8GB,25k-50k
"Intel Core i7 7700HQ 2.8GHz","Nvidia GeForce GTX 1060",16GB,100k+
"Intel Core i7 7500U 2.7GHz","Nvidia GeForce 940MX",8GB,25k-50k
"Intel Core i7 7500U 2.7GHz","AMD Radeon R7 M445",16GB,25k-50k
"Intel Core i5 7200U 2.5GHz","Nvidia GeForce 920MX ",8GB,25k-50k
"Intel Core i5 7200U 2.5GHz","Nvidia GeForce GTX 950M",8GB,25k-50k
"Intel Core i7 7500U 2.7GHz","AMD FirePro W4190M ",8GB,50k-75K
"Intel Core i3 7100U 2.4GHz","Intel HD Graphics 620",4GB,>25k
"AMD E-Series 9000e 1.5GHz","AMD Radeon R2",4GB,>25k
"Intel Core i7 7700HQ 2.8GHz","Nvidia GeForce GTX 1060",16GB,75k-100K
"Intel Core i5 7200U 2.5GHz","Intel HD Graphics 620",8GB,25k-50k
"Intel Core i5 6200U 2.3GHz","Intel HD Graphics 520",8GB,25k-50k
"Intel Core i7 7500U 2.7GHz","AMD Radeon R7 M445",16GB,25k-50k
"Intel Core i3 6006U 2GHz","Intel HD Graphics 520",4GB,>25k
"AMD A10-Series A10-9620P 2.5GHz","AMD Radeon R5 M430",4GB,25k-50k
"Intel Core i7 7820HK 2.9GHz","Nvidia GeForce GTX 1080",32GB,100k+
"Intel Core i5 7300HQ 2.5GHz","Nvidia GeForce GTX 1050",8GB,25k-50k
"Intel Core i3 6006U 2GHz","Intel HD Graphics 520",8GB,25k-50k
"Intel Core i7 8550U 1.8GHz","Nvidia GeForce 150MX",8GB,50k-75K
"Intel Core i7 7500U 2.7GHz","Nvidia GeForce GTX 950M",8GB,25k-50k
"Intel Core i5 7300HQ 2.5GHz","Nvidia GeForce GTX 1050",8GB,25k-50k
"Intel Core i7 7500U 2.7GHz","Intel HD Graphics 620",8GB,50k-75K
"Intel Core i7 8550U 1.8GHz","AMD Radeon 530",8GB,50k-75K
"Intel Core i5 7200U 2.5GHz","Intel HD Graphics 620",8GB,25k-50k
"Intel Core i7 7820HK 2.9GHz","Nvidia GeForce GTX 1080",16GB,100k+
"Intel Core i5 8250U 1.6GHz","Intel UHD Graphics 620",4GB,25k-50k
"Intel Core i5 3.1GHz","Intel Iris Plus Graphics 650",8GB,100k+
"Intel Core i7 8550U 1.8GHz","Intel UHD Graphics 620",8GB,25k-50k
"Intel Core i7 7700HQ 2.8GHz","Nvidia GeForce GTX 980M",16GB,75k-100K
"AMD A9-Series 9420 3GHz","AMD Radeon R5 M420",4GB,>25k
"Intel Core i7 8550U 1.8GHz","Intel UHD Graphics 620",8GB,75k-100K
"Intel Core i3 7130U 2.7GHz","Nvidia GeForce MX130",4GB,25k-50k
"Intel Core i5 8250U 1.6GHz","Intel UHD Graphics 620",8GB,50k-75K
"AMD A6-Series A6-9220 2.5GHz","AMD Radeon R4 Graphics",8GB,>25k
"Intel Core i7 8550U 1.8GHz","Nvidia GeForce MX150",16GB,50k-75K
"Intel Core i7 7700HQ 2.8GHz","Nvidia GeForce GTX 1070",16GB,100k+
"Intel Core i7 7700HQ 2.8GHz","Nvidia GeForce GTX 1050M",8GB,75k-100K
"Intel Core i7 8550U 1.8GHz","AMD Radeon 530",8GB,50k-75K
"Intel Core i3 6006U 2GHz","Intel HD Graphics 520",4GB,>25k
"Intel Core i5 8250U 1.6GHz","Intel HD Graphics 620",4GB,25k-50k
"Intel Core i5 7200U 2.5GHz","Intel HD Graphics 620",4GB,25k-50k
"Intel Core i5 7200U 2.5GHz","AMD Radeon R5 M430",8GB,25k-50k
"Intel Core i5 8250U 1.6GHz","Intel UHD Graphics 620",8GB,25k-50k
"Intel Core i7 8550U 1.8GHz","Intel UHD Graphics 620",8GB,75k-100K
"Intel Core i7 8550U 1.8GHz","Nvidia GeForce 930MX ",8GB,50k-75K
"Intel Core i7 8550U 1.8GHz","Intel UHD Graphics 620",8GB,25k-50k
"Intel Core i5 2.9GHz","Intel Iris Graphics 550",8GB,100k+
"AMD Ryzen 1700 3GHz","AMD Radeon RX 580",16GB,75k-100K
"Intel Core i7 8550U 1.8GHz","AMD Radeon 520",8GB,25k-50k
"Intel Core i7 6600U 2.6GHz","Intel HD Graphics 520",16GB,100k+
"Intel Core i7 6500U 2.5GHz","Nvidia GeForce 930M",8GB,25k-50k
"Intel Core i7 7500U 2.7GHz","Intel HD Graphics 620",12GB,25k-50k
"Intel Core i7 8550U 1.8GHz","AMD Radeon 530",8GB,50k-75K
"Intel Core i7 8550U 1.8GHz","Nvidia GeForce MX130",8GB,25k-50k
"Intel Core i3 6006U 2GHz","Intel HD Graphics 520",4GB,25k-50k
"Intel Core i7 8550U 1.8GHz","Nvidia GeForce MX150",8GB,25k-50k
"Intel Core i7 7500U 2.7GHz","Nvidia GeForce 940MX",6GB,25k-50k
"Intel Core i3 6006U 2.0GHz","AMD Radeon R5 M430",4GB,>25k
"Intel Core i5 7300HQ 2.5GHz","Nvidia GeForce GTX 1050",8GB,25k-50k
"Intel Core i5 7200U 2.5GHz","Intel HD Graphics 620",6GB,25k-50k
"Intel Core i7 8550U 1.8GHz","Nvidia GeForce MX150",8GB,50k-75K
"Intel Core i7 7500U 2.7GHz","Intel HD Graphics 620",12GB,25k-50k
"Intel Core i7 7500U 2.7GHz","Intel HD Graphics 630",8GB,50k-75K
"Intel Core i5 7200U 2.5GHz","Nvidia GeForce 940MX",8GB,50k-75K
"Intel Core i7 7700HQ 2.8GHz","Nvidia GeForce GTX 1050 Ti",16GB,50k-75K
"Intel Core i7 7500U 2.7GHz","Nvidia GeForce 940MX",8GB,25k-50k
"Intel Celeron Dual Core 3205U 1.5GHz","Intel HD Graphics",2GB,>25k
"Intel Core i7 7700HQ 2.8GHz","Nvidia GeForce GTX 1050",8GB,50k-75K
"Intel Core i3 6006U 2GHz","Intel HD Graphics 520",8GB,25k-50k
"Intel Core i7 7700HQ 2.8GHz","Nvidia GeForce GTX 1050",8GB,75k-100K
"Intel Core i5 8250U 1.6GHz","Intel UHD Graphics 620",8GB,25k-50k
"Intel Core i7 7700HQ 2.8GHz","Nvidia GeForce GTX 1060",8GB,50k-75K
"Intel Core i7 7700HQ 2.8GHz","Nvidia GeForce GTX 1050 Ti",8GB,50k-75K
"Intel Core i7 7820HQ 2.9GHz","Nvidia Quadro M1200",16GB,100k+
"AMD A10-Series 9600P 2.4GHz","AMD Radeon R5 430",6GB,25k-50k
"Intel Core i7 7500U 2.7GHz","Nvidia GeForce 940MX",16GB,75k-100K
"Intel Core i3 7100U 2.4GHz","Intel HD Graphics 620",4GB,25k-50k
"Intel Core i7 7700HQ 2.8GHz","Nvidia GeForce GTX 1070",16GB,100k+
"Intel Core i5 7200U 2.5GHz","Nvidia GeForce GTX 940M",6GB,25k-50k
"Intel Core i5 7200U 2.5GHz","Nvidia GeForce 940MX",8GB,25k-50k
"Intel Core i7 7700HQ 2.8GHz","Nvidia GeForce GTX 1050 Ti",8GB,50k-75K
"Intel Pentium Quad Core N4200 1.1GHz","Intel HD Graphics 505",4GB,>25k
"Intel Core i7 7600U 2.8GHz","Intel HD Graphics 620",16GB,100k+
"Intel Core i7 6500U 2.5GHz","Nvidia GeForce 930M",8GB,50k-75K
"Intel Core i5 7200U 2.5GHz","Nvidia GeForce 940MX",8GB,25k-50k
"Intel Core i3 6006U 2GHz","Intel HD Graphics 520",4GB,>25k
"Intel Core i5 7200U 2.5GHz","Intel HD Graphics 620",8GB,50k-75K
"Intel Core i7 8550U 1.8GHz","Intel UHD Graphics 620",16GB,100k+
"Intel Core i7 7700HQ 2.8GHz","Nvidia GeForce GTX 1070",16GB,100k+
"AMD A8-Series 7410 2.2GHz","AMD Radeon R5",8GB,>25k
"Intel Celeron Dual Core N3350 1.1GHz","Intel HD Graphics 500",2GB,>25k
"Intel Core i5 8250U 1.6GHz","AMD Radeon 530",8GB,25k-50k
"Intel Core i7 8550U 1.8GHz","Intel UHD Graphics 620",16GB,100k+
"Intel Celeron Dual Core 3855U 1.6GHz","Intel HD Graphics 510",4GB,>25k
"Intel Core i5 7200U 2.5GHz","Intel HD Graphics 620",8GB,50k-75K
"Intel Pentium Quad Core N3710 1.6GHz","Intel HD Graphics 405",4GB,25k-50k
"Intel Core i7 7500U 2.7GHz","Intel HD Graphics 620",8GB,50k-75K
"Intel Core i5 7200U 2.5GHz","Nvidia GeForce 920MX",4GB,25k-50k
"Intel Core i7 7500U 2.7GHz","Intel HD Graphics 620",8GB,50k-75K
"Intel Core i7 8550U 1.8GHz","Intel UHD Graphics 620",8GB,25k-50k
"AMD A12-Series 9720P 2.7GHz","AMD Radeon RX 540",8GB,25k-50k
"Intel Celeron Dual Core N3350 1.1GHz","Intel HD Graphics 500",4GB,>25k
"Intel Core i5 7200U 2.5GHz","Intel HD Graphics 620",6GB,25k-50k
"Intel Core i7 7500U 2.7GHz","Nvidia GeForce 940MX",8GB,50k-75K
"Intel Core i7 7500U 2.7GHz","Intel HD Graphics 620",8GB,50k-75K
"Intel Core i7 7700HQ 2.8GHz","Nvidia GeForce GTX 1050",32GB,100k+
"Intel Core i7 7700HQ 2.8GHz","Nvidia GeForce GTX 1050 Ti",8GB,50k-75K
"Intel Core i5 7200U 2.5GHz","Intel HD Graphics 620",8GB,50k-75K
"Intel Core i7 7500U 2.7GHz","Intel HD Graphics 620",8GB,50k-75K
"Intel Core i3 6006U 2GHz","Intel HD Graphics 520",4GB,>25k
"Intel Core i7 7700HQ 2.8GHz","Nvidia GeForce GTX 1050",8GB,50k-75K
"Intel Core i5 7300U 2.6GHz","Intel HD Graphics 620",8GB,50k-75K
"Intel Core i5 7200U 2.5GHz","Intel HD Graphics 620",8GB,50k-75K
"Intel Celeron Dual Core N3350 1.1GHz","Intel HD Graphics 500",4GB,>25k
"Intel Core i5 8250U 1.6GHz","Nvidia GeForce 940MX",8GB,50k-75K
"Intel Celeron Dual Core N3060 1.6GHz","Intel HD Graphics",4GB,>25k
"AMD A12-Series 9720P 3.6GHz","AMD Radeon 530",12GB,25k-50k
"Intel Core i3 7100U 2.4GHz","Nvidia GeForce 930MX ",8GB,25k-50k
"Intel Core i7 8550U 1.8GHz","Intel UHD Graphics 620",16GB,100k+
"Intel Core i7 8550U 1.8GHz","Intel UHD Graphics 620",8GB,75k-100K
"Intel Core i7 7700HQ 2.8GHz","Nvidia GeForce GTX 1050 Ti",16GB,50k-75K
"Intel Celeron Dual Core N3060 1.6GHz","Intel HD Graphics 400",2GB,>25k
"Intel Core i7 8650U 1.9GHz","Intel UHD Graphics 620",16GB,75k-100K
"Intel Celeron Dual Core N3350 1.1GHz","Intel HD Graphics 500",4GB,>25k
"Intel Core i5 8250U 1.6GHz","AMD Radeon 530",8GB,25k-50k
"Intel Core i7 7500U 2.7GHz","Intel HD Graphics 620",8GB,50k-75K
"Intel Core i7 7700HQ 2.8GHz","Nvidia GeForce GTX 1060",8GB,75k-100K
"Intel Core i7 7700HQ 2.8GHz","Nvidia Quadro M1200",8GB,75k-100K
"Intel Core i7 6500U 2.5GHz","Nvidia GeForce 930M",16GB,50k-75K
"Intel Core i7 8550U 1.8GHz","AMD Radeon 530",8GB,50k-75K
"Intel Celeron Dual Core N3350 1.1GHz","Intel HD Graphics 500",4GB,>25k
"Intel Core i5 7300HQ 2.5GHz","Nvidia GeForce GTX 1050",8GB,50k-75K
"Intel Core i5 7200U 2.5GHz","Intel HD Graphics 620",8GB,25k-50k
"Intel Core i5 7300U 2.6GHz","Intel HD Graphics 620",8GB,75k-100K
"Intel Core i3 6006U 2GHz","Intel HD Graphics 520",4GB,>25k
"Intel Core i5 7200U 2.5GHz","Intel HD Graphics 620",8GB,50k-75K
"Intel Core i5 7200U 2.5GHz","Nvidia GeForce GTX 940MX",6GB,25k-50k
"Intel Core i5 7200U 2.5GHz","Intel HD Graphics 620",8GB,25k-50k
"Intel Core i3 6006U 2GHz","Nvidia GeForce 920MX ",8GB,25k-50k
"Intel Pentium Quad Core N3710 1.6GHz","Intel HD Graphics 405",8GB,>25k
"Intel Core i5 8250U 1.6GHz","AMD Radeon 530",8GB,50k-75K
"Intel Core i5 7300HQ 2.5GHz","Nvidia GeForce GTX 1050",8GB,25k-50k
"Intel Core i7 7500U 2.7GHz","AMD Radeon R7 M445",8GB,25k-50k
"Intel Core i7 7500U 2.7GHz","Intel HD Graphics 620",8GB,75k-100K
"Intel Core i7 7500U 2.7GHz","Nvidia GeForce GT 940MX",12GB,50k-75K
"AMD A9-Series 9420 3GHz","AMD Radeon R5",4GB,>25k
"AMD Ryzen 1700 3GHz","AMD Radeon RX 580",16GB,100k+
"AMD A8-Series 7410 2.2GHz","AMD Radeon R5",4GB,25k-50k
"Intel Core i7 8550U 1.8GHz","Intel UHD Graphics 620",8GB,25k-50k
"AMD A9-Series 9420 3GHz","AMD Radeon R5",4GB,25k-50k
"Intel Celeron Quad Core N3450 1.1GHz","Intel HD Graphics 500",4GB,25k-50k
"Intel Celeron Dual Core N3060 1.60GHz","Intel HD Graphics 400",4GB,>25k
"Intel Celeron Dual Core N3350 1.1GHz","Intel HD Graphics 500",4GB,>25k
"Intel Core i7 7700HQ 2.8GHz","Nvidia GeForce GTX 1050",8GB,25k-50k
"Intel Core i7 7700HQ 2.8GHz","Nvidia GeForce GTX 1050",8GB,50k-75K
"Intel Core i3 6006U 2GHz","Intel HD Graphics 520",4GB,>25k
"Intel Core i7 7700HQ 2.8GHz","Nvidia GeForce GTX 1060",8GB,75k-100K
"Intel Core i5 7200U 2.5GHz","Nvidia GeForce 940MX",8GB,50k-75K
"Intel Core i7 7500U 2.7GHz","Intel HD Graphics 620",16GB,75k-100K
"Intel Core i7 7500U 2.7GHz","Intel HD Graphics 620",8GB,100k+
"Intel Core i3 7100U 2.4GHz","Intel HD Graphics 620",4GB,25k-50k
"Intel Core i5 6440HQ 2.6GHz","AMD FirePro W5130M",8GB,50k-75K
"Intel Core i7 6820HQ 2.7GHz","Nvidia Quadro M1200",8GB,100k+
"Intel Core i7 7500U 2.7GHz","Intel HD Graphics 620",16GB,100k+
"Intel Core i7 7700HQ 2.8GHz","Nvidia GeForce GTX 1050",8GB,50k-75K
"Intel Core i7 7700HQ 2.8GHz","Nvidia GeForce GTX 1050 Ti",16GB,75k-100K
"Intel Core i5 8250U 1.6GHz","Nvidia GeForce MX130",12GB,25k-50k
"Intel Core i7 7700HQ 2.8GHz","Nvidia GeForce GTX 1050 Ti",8GB,50k-75K
"Intel Core i7 7500U 2.7GHz","AMD Radeon R7 M445",8GB,25k-50k
"AMD A9-Series 9420 3GHz","AMD Radeon 520",4GB,25k-50k
"Intel Core i7 8550U 1.8GHz","AMD Radeon RX 550",8GB,50k-75K
"Intel Core i5 7200U 2.5GHz","Intel HD Graphics 620",8GB,25k-50k
"Intel Core i7 7700HQ 2.8GHz","Nvidia Quadro M1200",8GB,100k+
"Intel Core i7 7500U 2.7GHz","Intel HD Graphics 620",16GB,100k+
"Intel Celeron Dual Core N3350 1.1GHz","Intel HD Graphics 500",4GB,>25k
"Intel Core i7 7700HQ 2.8GHz","Nvidia GeForce GTX 1050",16GB,75k-100K
"Intel Core i5 8250U 1.6GHz","AMD Radeon RX 550",8GB,50k-75K
"Intel Core i7 7700HQ 2.8GHz","Nvidia GeForce GTX 1050",8GB,25k-50k
"Intel Core i7 7700HQ 2.8GHz","Nvidia GeForce GTX 1070",16GB,100k+
"Intel Core i7 7500U 2.7GHz","Intel HD Graphics 620",8GB,75k-100K
"Intel Core i7 6500U 2.5GHz","Intel HD Graphics 520",16GB,75k-100K
"Intel Core i7 7600U 2.8GHz","Intel HD Graphics",8GB,75k-100K
"Intel Core i3 6006U 2GHz","Intel HD Graphics 520",4GB,>25k
"Intel Celeron Dual Core N3350 1.1GHz","Intel HD Graphics 500",2GB,>25k
"Intel Core i7 7700HQ 2.8GHz","Nvidia Quadro M1200",8GB,100k+
"Intel Core i7 7700HQ 2.8GHz","Nvidia GeForce GT 940MX",8GB,100k+
"Intel Core i3 6006U 2GHz","AMD Radeon 520",4GB,>25k
"Intel Core i7 6500U 2.5GHz","Intel HD Graphics 520",8GB,25k-50k
"Intel Core i5 7200U 2.5GHz","Intel HD Graphics 620",8GB,25k-50k
"Intel Core i5 7200U 2.5GHz","AMD Radeon R5 M430",4GB,25k-50k
"Intel Core i3 6006U 2GHz","Intel HD Graphics 520",4GB,25k-50k
"Intel Core i7 6500U 2.5GHz","Intel HD Graphics 520",8GB,75k-100K
"Intel Core i5 7200U 2.5GHz","Intel HD Graphics 620",8GB,25k-50k
"Intel Core i7 8550U 1.8GHz","AMD Radeon RX 550",8GB,50k-75K
"Intel Core i7 7700HQ 2.8GHz","Nvidia GeForce GTX 1050",16GB,100k+
"Intel Celeron Quad Core N3450 1.1GHz","Intel HD Graphics 500",6GB,>25k
"Intel Core i7 7820HQ 2.9GHz","Intel HD Graphics 630",8GB,75k-100K
"Intel Core i3 7100U 2.4GHz","Nvidia GeForce 940MX",8GB,25k-50k
"Intel Core i7 7820HK 2.9GHz","Nvidia GeForce GTX 1070",16GB,100k+
"Intel Core i7 7700HQ 2.8GHz","Nvidia GeForce GTX 1050 Ti",8GB,50k-75K
"Intel Core i7 8550U 1.8GHz","AMD Radeon 530",8GB,50k-75K
"Intel Core i7 7600U 2.8GHz","Intel HD Graphics 620",8GB,50k-75K
"Intel Core i7 7700HQ 2.8GHz","Nvidia GeForce GTX 1070",12GB,100k+
"Intel Celeron Dual Core N3350 1.1GHz","Intel HD Graphics 500",4GB,>25k
"Intel Celeron Dual Core N3060 1.6GHz","Intel HD Graphics 400",4GB,>25k
"Intel Core i7 7500U 2.7GHz","Intel HD Graphics 620",8GB,50k-75K
"Intel Core i3 7130U 2.7GHz","Intel HD Graphics 620",4GB,25k-50k
"Intel Core i7 7600U 2.8GHz","Nvidia GeForce 940MX",16GB,100k+
"Intel Core i7 7820HQ 2.9GHz","Nvidia Quadro M2200M",16GB,100k+
"AMD Ryzen 1600 3.2GHz","AMD Radeon RX 580",8GB,75k-100K
"Intel Celeron Dual Core N3060 1.6GHz","Intel HD Graphics 400",4GB,>25k
"Intel Core i7 7Y75 1.3GHz","Intel HD Graphics 615",16GB,100k+
"Intel Core i7 7500U 2.7GHz","Intel HD Graphics 620",24GB,100k+
"Intel Core i5 7200U 2.5GHz","Intel HD Graphics 620",4GB,25k-50k
"AMD A6-Series 9220 2.5GHz","AMD Radeon R4",8GB,25k-50k
"Intel Core i5 8250U 1.6GHz","AMD Radeon 530",4GB,25k-50k
"Intel Core i5 7200U 2.5GHz","Intel HD Graphics 620",8GB,75k-100K
"Intel Pentium Quad Core N4200 1.1GHz","Intel HD Graphics 505",4GB,>25k
"Intel Core i7 7700HQ 2.8GHz","Nvidia GeForce GTX 1050",8GB,50k-75K
"Intel Core i5 7440HQ 2.8GHz","Nvidia GeForce 930MX",8GB,50k-75K
"Intel Core i5 7200U 2.5GHz","Intel HD Graphics 620",4GB,>25k
"Intel Xeon E3-1505M V6 3GHz","Nvidia Quadro M620",8GB,100k+
"Intel Core i5 7300HQ 2.5GHz","Nvidia GeForce GTX 1050",8GB,50k-75K
"Intel Core i7 7660U 2.5GHz","Intel Iris Plus Graphics 640",16GB,100k+
"Intel Core i5 7200U 2.5GHz","Intel HD Graphics 620",8GB,25k-50k
"Intel Core i7 6820HQ 2.7GHz","Nvidia Quadro M620",16GB,100k+
"Intel Core i7 7820HQ 2.9GHz","Intel HD Graphics 620",8GB,75k-100K
"Intel Core i5 7200U 2.5GHz","Intel HD Graphics 620",8GB,50k-75K
"Intel Core i7 8550U 1.8GHz","AMD Radeon 530",8GB,50k-75K
"Intel Pentium Quad Core N3710 1.6GHz","Intel HD Graphics 405",4GB,25k-50k
"Intel Core i7 7700HQ 2.7GHz","Nvidia GeForce GTX 1060",8GB,100k+
"Intel Core M m3-7Y30 2.2GHz","Intel HD Graphics 615",4GB,50k-75K
"Intel Core i7 7660U 2.5GHz","Intel Iris Plus Graphics 640",8GB,75k-100K
"Intel Core i3 6006U 2GHz","Intel HD Graphics 520",8GB,25k-50k
"Intel Core i3 6006U 2GHz","Nvidia GeForce 940MX",4GB,25k-50k
"Intel Celeron Dual Core N3060 1.6GHz","Intel HD Graphics 400",4GB,>25k
"Intel Core i5 7200U 2.5GHz","Intel HD Graphics 620",8GB,25k-50k
"Intel Core i7 7500U 2.7GHz","AMD Radeon R7 M460",8GB,25k-50k
"Intel Core i7 7820HQ 2.9GHz","Nvidia Quadro M2200M",8GB,100k+
"Intel Pentium Quad Core N4200 1.1GHz","Intel HD Graphics 500",4GB,>25k
"Intel Core i3 6006U 2GHz","Nvidia GeForce GTX 940MX",4GB,>25k
"Intel Core i5 8250U 1.6GHz","AMD Radeon 530",8GB,25k-50k
"Intel Core i7 7700HQ 2.8GHz","Nvidia GeForce GTX 1060",12GB,75k-100K
"Intel Core i7 6600U 2.6GHz","Intel HD Graphics 520",12GB,75k-100K
"Intel Core i7 8550U 1.8GHz","Intel UHD Graphics 620",8GB,100k+
"Intel Core i5 7200U 2.5GHz","AMD FirePro W4190M ",8GB,50k-75K
"Intel Core i5 7Y57 1.2GHz","Intel HD Graphics 615",8GB,50k-75K
"Intel Core i5 8250U 1.6GHz","Intel UHD Graphics 620",8GB,75k-100K
"Intel Core i7 6700HQ 2.6GHz","Intel HD Graphics 530",12GB,50k-75K
"Intel Core i3 6100U 2.3GHz","Intel HD Graphics 520",8GB,25k-50k
"Intel Core i7 7700HQ 2.8GHz","Nvidia Quadro M1200",8GB,100k+
"Intel Core i5 7200U 2.5GHz","Intel HD Graphics 620",8GB,50k-75K
"Intel Core i5 7200U 2.5GHz","Intel HD Graphics 620",8GB,75k-100K
"Intel Core i7 8550U 1.8GHz","Nvidia GeForce 940MX",8GB,50k-75K
"Intel Core i3 7100U 2.4GHz","Intel HD Graphics 620",4GB,25k-50k
"Intel Core i5 8250U 1.6GHz","Intel UHD Graphics 620",4GB,25k-50k
"Intel Atom x5-Z8350 1.44GHz","Intel HD Graphics",4GB,>25k
"Intel Core i3 6006U 2.0GHz","Intel HD Graphics 520",4GB,25k-50k
"Intel Core i5 8250U 1.6GHz","Intel UHD Graphics 620",8GB,50k-75K
"Intel Core i7 6820HQ 2.7GHz","Nvidia Quadro M620",16GB,100k+
"Intel Core i7 7700HQ 2.8GHz","Nvidia GeForce GTX 1050",16GB,100k+
"Intel Core i7 7500U 2.7GHz","Intel HD Graphics 620",16GB,75k-100K
"Intel Core i7 7500U 2.7GHz","Intel HD Graphics 620",16GB,100k+
"Intel Core i5 7200U 2.5GHz","Nvidia GeForce 940MX",8GB,50k-75K
"Intel Core i7 7500U 2.7GHz","Intel HD Graphics 620",32GB,100k+
"Intel Core i7 7700HQ 2.8GHz","Nvidia GeForce GTX 1050",8GB,50k-75K
"AMD A10-Series 9620P 2.5GHz","AMD Radeon RX 540",8GB,25k-50k
"Intel Core i7 6700HQ 2.6GHz","Nvidia GeForce GTX 965M",24GB,50k-75K
"Intel Core i5 6200U 2.3GHz","Intel HD Graphics 520",8GB,50k-75K
"Intel Core i7 8550U 1.8GHz","Intel UHD Graphics 620",8GB,25k-50k
"Intel Core i7 7600U 2.8GHz","Intel HD Graphics 620",8GB,75k-100K
"Intel Core i3 7100U 2.4GHz","Intel HD Graphics 620",8GB,50k-75K
"Intel Core i5 7200U 2.5GHz","Intel HD Graphics 620",8GB,25k-50k
"Intel Celeron Dual Core N3350 1.1GHz","Intel HD Graphics 500",4GB,>25k
"Intel Core i5 7200U 2.5GHz","AMD Radeon 520",8GB,25k-50k
"Intel Core i5 8250U 1.6GHz","Intel UHD Graphics 620",8GB,75k-100K
"Intel Celeron Dual Core N3350 1.1GHz","Intel HD Graphics 500",4GB,>25k
"Intel Celeron Dual Core N3060 1.6GHz","Intel HD Graphics 400",4GB,>25k
"Intel Core i5 7200U 2.5GHz","Intel HD Graphics 620",8GB,50k-75K
"Intel Core i7 7500U 2.7GHz","Intel HD Graphics 620",8GB,50k-75K
"Intel Core i5 8250U 1.6GHz","Nvidia GeForce MX150",4GB,25k-50k
"Intel Core i7 7500U 2.7GHz","Intel HD Graphics 620",8GB,50k-75K
"Intel Core i7 7700HQ 2.8GHz","Nvidia GeForce GTX 1060",8GB,50k-75K
"Intel Core i5 7200U 2.5GHz","Intel HD Graphics 620",8GB,25k-50k
"Intel Core i7 7500U 2.7GHz","Nvidia GeForce 940MX",4GB,25k-50k
"Intel Core i5 7200U 2.5GHz","Intel HD Graphics 620",8GB,25k-50k
"Intel Core i7 8550U 1.8GHz","AMD Radeon 530",16GB,50k-75K
"Intel Core i7 8550U 1.8GHz","Nvidia GeForce MX150",16GB,50k-75K
"Intel Celeron Dual Core N3350 1.1GHz","Intel HD Graphics 500",2GB,>25k
"Intel Core i5 8250U 1.6GHz","Intel UHD Graphics 620",4GB,25k-50k
"Intel Core i7 7700HQ 2.8GHz","Nvidia GeForce GTX1080",24GB,100k+
"Intel Core i5 7200U 2.5GHz","Nvidia GeForce 930MX",8GB,25k-50k
"Intel Core i7 7700HQ 2.8GHz","Nvidia GeForce GTX1050 Ti",16GB,75k-100K
"Intel Core i7 7700HQ 2.8GHz","Nvidia GeForce GTX 1060",8GB,50k-75K
"Intel Core i7 7500U 2.7GHz","Intel HD Graphics 620",8GB,50k-75K
"Intel Core i5 7300U 2.6GHz","Intel HD Graphics 620",8GB,50k-75K
"Intel Core i3 6006U 2GHz","Intel HD Graphics 520",4GB,25k-50k
"Intel Core i5 8250U 1.6GHz","AMD Radeon 530",8GB,25k-50k
"Intel Core i5 6200U 2.3GHz","Intel HD Graphics 520",8GB,50k-75K
"Intel Core i7 7500U 2.7GHz","Nvidia GeForce 920MX",4GB,25k-50k
"Intel Core i3 6006U 2GHz","Nvidia GeForce 920MX ",8GB,>25k
"Intel Core i5 7200U 2.5GHz","AMD Radeon R5 M430",4GB,25k-50k
"Intel Core i5 7440HQ 2.8GHz","Intel HD Graphics 620",8GB,50k-75K
"Intel Core i7 7700HQ 2.8GHz","Nvidia GeForce GTX 1070",16GB,100k+
"Intel Core i5 7200U 2.5GHz","Intel HD Graphics 620",8GB,25k-50k
"Intel Core i7 7500U 2.7GHz","Nvidia GeForce GTX 960M",8GB,50k-75K
"Intel Celeron Quad Core N3450 1.1GHz","Intel HD Graphics 500",4GB,>25k
"Intel Core i5 7300HQ 2.5GHz","Nvidia GeForce GTX 1060",8GB,75k-100K
"Intel Core i7 7600U 2.8GHz","Nvidia GeForce 930MX",8GB,50k-75K
"Intel Core i5 8250U 1.6GHz","AMD Radeon 530",8GB,25k-50k
"Intel Pentium Quad Core N3710 1.6GHz","Intel HD Graphics 405",4GB,>25k
"Intel Core i7 7700HQ 2.8GHz","Nvidia GeForce GTX 1060",12GB,75k-100K
"Intel Core i7 7500U 2.7GHz","Nvidia GeForce 940MX",8GB,25k-50k
"Intel Core i7 8550U 1.8GHz","Intel UHD Graphics 620",8GB,50k-75K
"Intel Core i3 6006U 2GHz","Intel HD Graphics 520",4GB,25k-50k
"Intel Core i7 7500U 2.7GHz","Intel HD Graphics 620",8GB,50k-75K
"Intel Core i5 7300HQ 2.5GHz","Nvidia GeForce GTX 1050",8GB,25k-50k
"AMD E-Series 7110 1.8GHz","AMD Radeon R2 Graphics",4GB,>25k
"Intel Core i3 7100U 2.4GHz","Intel HD Graphics 620",4GB,25k-50k
"Intel Core i5 7200U 2.5GHz","Intel HD Graphics 620",4GB,25k-50k
"Intel Core i5 6200U 2.3GHz","Intel HD Graphics 520",4GB,>25k
"Intel Core i3 6006U 2GHz","Intel HD Graphics 520",4GB,>25k
"Intel Core i7 7500U 2.7GHz","Intel HD Graphics 620",8GB,75k-100K
"Intel Core i3 6006U 2GHz","Intel HD Graphics 520",4GB,25k-50k
"Intel Core i5 7200U 2.5GHz","Intel HD Graphics 620",8GB,50k-75K
"Intel Core i7 7700HQ 2.8GHz","Nvidia GeForce GTX 1070",16GB,100k+
"Intel Core i3 6006U 2GHz","Intel HD Graphics 520",8GB,25k-50k
"Intel Core i7 7500U 2.7GHz","Nvidia GeForce 930MX",8GB,50k-75K
"Intel Celeron Dual Core N3350 1.1GHz","Intel HD Graphics 500",4GB,>25k
"Intel Atom x5-Z8350 1.44GHz","Intel HD Graphics",4GB,>25k
"Intel Core i7 7500U 2.7GHz","Nvidia GeForce 940MX",6GB,50k-75K
"AMD A10-Series A10-9620P 2.5GHz","AMD Radeon 530",6GB,25k-50k
"Intel Core i3 6006U 2GHz","AMD Radeon R5 M420",4GB,25k-50k
"Intel Celeron Dual Core N3350 2.0GHz","Intel HD Graphics 500",4GB,>25k
"Intel Core i3 7130U 2.7GHz","Intel HD Graphics 620",4GB,25k-50k
"Intel Core M 6Y75 1.2GHz","Intel HD Graphics 515",16GB,100k+
"Intel Core i7 7700HQ 2.8GHz","Nvidia Quadro M620M",8GB,100k+
"Intel Core i5 7300HQ 2.5GHz","Nvidia GeForce GTX 1050",8GB,25k-50k
"Intel Core i5 8250U 1.6GHz","Intel UHD Graphics 620",8GB,75k-100K
"Intel Core i5 7300U 2.6GHz","Intel HD Graphics 620",4GB,50k-75K
"Intel Pentium Quad Core N4200 1.1GHz","Intel HD Graphics 505",4GB,>25k
"Intel Core i5 7200U 2.5GHz","Intel HD Graphics 620",4GB,50k-75K
"Intel Core i5 7440HQ 2.8GHz","Nvidia Quadro M1200",8GB,75k-100K
"Intel Pentium Quad Core N3710 1.6GHz","Intel HD Graphics 405",8GB,>25k
"AMD A9-Series A9-9420 3GHz","AMD Radeon 530",6GB,25k-50k
"Intel Core i5 7200U 2.5GHz","Intel HD Graphics 620",8GB,25k-50k
"Intel Core i5 8250U 1.6GHz","Intel HD Graphics 620",4GB,25k-50k
"Intel Atom x5-Z8350 1.44GHz","Intel HD Graphics",4GB,>25k
"Intel Core i7 7500U 2.7GHz","Intel HD Graphics 620",16GB,75k-100K
"Intel Core i7 6820HK 2.7GHz","Nvidia GeForce GTX 1070",32GB,100k+
"Intel Core i7 7820HK 2.9GHz","Nvidia GeForce GTX 1070",16GB,100k+
"Intel Core i7 7500U 2.7GHz","AMD Radeon R5 M430",8GB,25k-50k
"Intel Celeron Quad Core N3450 1.1GHz","Intel HD Graphics 500",4GB,>25k
"Intel Core i5 7300U 2.6GHz","Intel HD Graphics 620",8GB,50k-75K
"Intel Core i3 7100U 2.4GHz","Intel HD Graphics 620",4GB,25k-50k
"Intel Core i7 7600U 2.8GHz","Nvidia GeForce 930MX",16GB,75k-100K
"Intel Celeron Dual Core N3060 1.6GHz","Intel HD Graphics 400",4GB,>25k
"Intel Core i7 6820HK 2.7GHz","Nvidia GeForce GTX 980M",16GB,100k+
"Intel Core i7 7700HQ 2.8GHz","Nvidia GeForce GTX 1050",16GB,75k-100K
"Intel Core i7 6600U 2.6GHz","Intel HD Graphics 520",12GB,75k-100K
"Intel Core i7 8550U 1.8GHz","Intel HD Graphics 620",12GB,25k-50k
"Intel Core i5 7300HQ 2.5GHz","Nvidia GeForce GTX 1060",8GB,75k-100K
"Intel Core i5 7200U 2.5GHz","Intel HD Graphics 520",8GB,25k-50k
"AMD A12-Series 9720P 3.6GHz","AMD Radeon 530",12GB,50k-75K
"Intel Core M 7Y30 1.0GHz","Intel HD Graphics 615",4GB,25k-50k
"Intel Core i7 7700HQ 2.8GHz","Nvidia GeForce GTX 1050",16GB,75k-100K
"Intel Core i3 6006U 2GHz","Intel HD Graphics 520",4GB,25k-50k
"Intel Core i3 6100U 2.3GHz","Intel HD Graphics 520",8GB,>25k
"Intel Core i7 7500U 2.7GHz","Intel HD Graphics 620",8GB,100k+
"Intel Core i5 7300HQ 2.5GHz","Intel HD Graphics 630",8GB,75k-100K
"Intel Core i5 7200U 2.5GHz","Intel HD Graphics 620",8GB,75k-100K
"Intel Core i7 7700HQ 2.8GHz","Nvidia Quadro M620",8GB,75k-100K
"Intel Core i7 7500U 2.7GHz","Intel HD Graphics 620",8GB,50k-75K
"Intel Core i3 7100U 2.4GHz","Intel HD Graphics 620",4GB,25k-50k
"Intel Celeron Quad Core N3450 1.1GHz","Intel HD Graphics 500",4GB,>25k
"Intel Core i7 6820HK 2.7GHz","Nvidia GeForce GTX 970M",16GB,100k+
"Intel Core i3 6006U 2GHz","AMD Radeon R5 M420",4GB,>25k
"Intel Core i7 7700HQ 2.8GHz","Nvidia GeForce GTX 1060",16GB,100k+
"Intel Core i7 6500U 2.5GHz","Intel HD Graphics 520",8GB,50k-75K
"Intel Core i5 7200U 2.5GHz","Intel HD Graphics 620",6GB,25k-50k
"Intel Core i7 7700HQ 2.8GHz","Intel HD Graphics 630",8GB,50k-75K
"Intel Pentium Quad Core N3710 1.6GHz","Intel HD Graphics 405",4GB,>25k
"Intel Xeon E3-1535M v6 3.1GHz","Nvidia Quadro M2200M",32GB,100k+
"Intel Core i7 6700HQ 2.6GHz","Nvidia GeForce GTX 960<U+039C>",16GB,25k-50k
"Intel Core i3 6006U 2.0GHz","Intel HD Graphics 520",4GB,>25k
"Intel Core i3 6006U 2.0GHz","Intel HD Graphics 520",4GB,>25k
"Intel Core i5 7300U 2.6GHz","Intel HD Graphics 620",4GB,25k-50k
"Intel Core i7 7700HQ 2.8GHz","Nvidia GeForce GTX 1050",8GB,50k-75K
"Intel Core i7 7500U 2.7GHz","Intel HD Graphics 620",8GB,50k-75K
"Intel Core i7 7700HQ 2.8GHz","Nvidia GeForce GTX 1070",16GB,100k+
"Intel Celeron Quad Core N3160 1.6GHz","Intel HD Graphics 400",4GB,>25k
"Intel Core i5 7300U 2.6GHz","Intel HD Graphics 620",8GB,50k-75K
"Intel Core i5 6200U 2.3GHz","Intel HD Graphics 520",8GB,75k-100K
"Intel Core i5 8250U 1.6GHz","AMD Radeon 530",4GB,25k-50k
"Intel Core i5 7200U 2.5GHz","Intel HD Graphics 620",8GB,25k-50k
"Intel Core i5 6200U 2.3GHz","Intel HD Graphics 520",4GB,25k-50k
"Intel Atom x5-Z8350 1.44GHz","Intel HD Graphics",2GB,>25k
"Intel Core i5 7200U 2.5GHz","Intel HD Graphics 620",4GB,>25k
"Intel Core i5 7200U 2.5GHz","Intel HD Graphics 620",6GB,25k-50k
"Intel Core i7 7500U 2.7GHz","Intel HD Graphics 620",16GB,100k+
"Intel Core i7 7700HQ 2.8GHz","Nvidia GeForce GTX 1050 Ti",16GB,75k-100K
"Intel Core i5 8250U 1.6GHz","Intel UHD Graphics 620",4GB,25k-50k
"Intel Core i3 6006U 2GHz","Nvidia GeForce 920MX ",4GB,25k-50k
"Intel Celeron Dual Core N3350 1.1GHz","Intel HD Graphics 500",8GB,>25k
"Intel Core i5 7300HQ 2.5GHz","Nvidia GeForce GTX 1050",8GB,25k-50k
"Intel Core i5 8250U 1.6GHz","Intel UHD Graphics 620",8GB,75k-100K
"Intel Celeron Dual Core N3060 1.6GHz","Intel HD Graphics 400",2GB,>25k
"Intel Core i7 7500U 2.7GHz","Intel HD Graphics 620",8GB,75k-100K
"Intel Core i7 7700HQ 2.8GHz","Nvidia GeForce GTX 1050",16GB,100k+
"Intel Core i7 7700HQ 2.8GHz","Nvidia GeForce GTX 1050M",8GB,50k-75K
"AMD A9-Series 9420 3GHz","AMD Radeon R5",8GB,25k-50k
"Intel Core i7 7500U 2.7GHz","Intel HD Graphics 620",16GB,100k+
"Intel Core i7 7700HQ 2.8GHz","Nvidia GeForce GTX 1050 Ti",8GB,50k-75K
"Intel Core i3 6006U 2GHz","Intel HD Graphics 520",4GB,>25k
"Intel Celeron Dual Core N3060 1.6GHz","Intel HD Graphics",4GB,>25k
"Intel Core i5 7200U 2.5GHz","Intel Graphics 620",8GB,25k-50k
"Intel Core i7 7700HQ 2.8GHz","Nvidia GeForce GTX 1060",16GB,100k+
"Intel Core i5 6200U 2.3GHz","Intel HD Graphics 520",8GB,50k-75K
"Intel Core i7 7500U 2.7GHz","Intel HD Graphics 620",8GB,75k-100K
"Intel Core i7 6820HK 2.7GHz","Nvidia GeForce GTX 1080",32GB,100k+
"Intel Core i5 7300HQ 2.5GHz","Nvidia GeForce GTX 1050",8GB,25k-50k
"Intel Core i5 8250U 1.6GHz","Intel UHD Graphics 620",8GB,75k-100K
"Intel Core i7 7700HQ 2.8GHz","Nvidia GeForce GTX 1050 Ti",8GB,50k-75K
"Intel Core i3 6006U 2GHz","Intel HD Graphics 520",4GB,>25k
"Intel Core i5 7200U 2.5GHz","Intel HD Graphics 620",8GB,50k-75K
"Intel Core i7 8550U 1.8GHz","AMD Radeon 530",8GB,25k-50k
"Intel Core i7 8550U 1.8GHz","AMD Radeon 530",16GB,50k-75K
"Intel Core i7 6700HQ 2.6GHz","Nvidia GeForce GTX 960",8GB,50k-75K
"Intel Core i7 7700HQ 2.8GHz","Nvidia GeForce GTX 1070",32GB,100k+
"Intel Core i5 6300U 2.4GHz","Intel HD Graphics 520",8GB,50k-75K
"Intel Celeron Dual Core N3350 1.1GHz","Intel HD Graphics 500",4GB,>25k
"Intel Core i5 6200U 2.3GHz","Intel HD Graphics 520",4GB,25k-50k
"Intel Core i3 6006U 2GHz","AMD Radeon R5 M430",6GB,25k-50k
"Intel Core i7 7700HQ 2.8GHz","Nvidia GeForce GTX 1060",8GB,75k-100K
"Intel Core i3 6100U 2.1GHz","Intel HD Graphics 520",4GB,25k-50k
"Intel Core i7 7500U 2.7GHz","AMD Radeon 530",8GB,25k-50k
"Intel Core i5 7200U 2.5GHz","Intel HD Graphics 620",8GB,50k-75K
"Intel Core i3 6006U 2GHz","Intel HD Graphics 520",4GB,>25k
"Intel Core i7 7600U 2.8GHz","Intel Iris Plus Graphics 640",8GB,75k-100K
"Intel Core i5 7200U 2.5GHz","AMD Radeon R5 M430",8GB,25k-50k
"Intel Core i5 7200U 2.5GHz","Intel HD Graphics 620",8GB,50k-75K
"AMD E-Series E2-9000 2.2GHz","AMD Radeon R2 Graphics",4GB,>25k
"Intel Core i3 7100U 2.4GHz","Nvidia GeForce 940MX",4GB,25k-50k
"Intel Core i7 7700HQ 2.8GHz","Nvidia GeForce GTX 1050",16GB,50k-75K
"Intel Core i5 7200U 2.5GHz","Intel HD Graphics 620",8GB,50k-75K
"Intel Celeron Dual Core N3350 1.1GHz","Intel HD Graphics 500",8GB,25k-50k
"Intel Core i7 8550U 1.8GHz","Intel HD Graphics 620",8GB,100k+
"Intel Core i5 7300HQ 2.5GHz","Nvidia GeForce GTX 1050 Ti",16GB,50k-75K
"Intel Core i5 7300HQ 2.5GHz","Nvidia GeForce GTX 1050",8GB,50k-75K
"Intel Celeron Dual Core N3350 1.1GHz","Intel HD Graphics 500",4GB,>25k
"Intel Core i5 7300HQ 2.5GHz","Nvidia GeForce GTX 1060",16GB,100k+
"Intel Core i3 6006U 2GHz","AMD Radeon R5 520",4GB,25k-50k
"Intel Core i7 8550U 1.8GHz","Intel UHD Graphics 620",8GB,75k-100K
"Intel Core i7 7820HK 2.9GHz","Nvidia GeForce GTX 1070",16GB,100k+
"Intel Core i5 7200U 2.5GHz","AMD Radeon 520",4GB,25k-50k
"Intel Core i3 6006U 2GHz","AMD Radeon R5 M430",4GB,25k-50k
"AMD A10-Series 9600P 2.4GHz","AMD Radeon R7 M440",6GB,25k-50k
"Intel Celeron Dual Core 3855U 1.6GHz","Intel HD Graphics 510",4GB,>25k
"Intel Celeron Dual Core 3855U 1.6GHz","Intel HD Graphics 510",4GB,>25k
"Intel Core i5 7200U 2.5GHz","Intel HD Graphics 620",4GB,25k-50k
"Intel Core i7 7700HQ 2.8GHz","Nvidia Quadro M1200",8GB,100k+
"Intel Core i7 7500U 2.7GHz","Intel HD Graphics 620",8GB,100k+
"Intel Core i5 7200U 2.5GHz","Intel HD Graphics 620",8GB,50k-75K
"Intel Celeron Dual Core N3050 1.6GHz","Intel HD Graphics",4GB,>25k
"Intel Core i7 7500U 2.7GHz","Intel HD Graphics 620",16GB,75k-100K
"Intel Core M M3-6Y30 0.9GHz","Intel HD Graphics 515",4GB,25k-50k
"Intel Core i7 6500U 2.5GHz","Intel HD Graphics 520",16GB,100k+
"Intel Core i5 7300HQ 2.5GHz","Nvidia GeForce GTX 1050",8GB,25k-50k
"AMD A9-Series 9420 2.9GHz","AMD Radeon 530",4GB,>25k
"AMD A12-Series 9720P 3.6GHz","AMD Radeon R7",8GB,>25k
"Intel Core i5 7200U 2.5GHz","Intel HD Graphics 620",4GB,25k-50k
"Intel Core i3 6006U 2GHz","Intel HD Graphics 520",4GB,>25k
"Intel Core i5 7200U 2.5GHz","Intel HD Graphics 620",8GB,25k-50k
"Intel Core i5 8250U 1.6GHz","Intel UHD Graphics 620",1GB,50k-75K
"Intel Core i7 6500U 2.5GHz","Nvidia Quadro M520M",16GB,75k-100K
"Intel Core i5 6300HQ 2.3GHz","Intel HD Graphics 520",8GB,50k-75K
"AMD A10-Series 9620P 2.5GHz","AMD Radeon 530",6GB,25k-50k
"Intel Core i7 7700HQ 2.8GHz","Nvidia GeForce GTX 1050 Ti",8GB,50k-75K
"Intel Core i5 7440HQ 2.8GHz","Nvidia GeForce 930MX",8GB,50k-75K
"Intel Core i5 7200U 2.5GHz","Intel HD Graphics 620",8GB,25k-50k
"Intel Celeron Dual Core N3350 1.1GHz","Intel HD Graphics 500",4GB,>25k
"Intel Core i5 7300U 2.6GHz","Intel HD Graphics 620",16GB,75k-100K
"Intel Core i5 7200U 2.5GHz","Nvidia GeForce 920MX",8GB,25k-50k
"Intel Core i5 7300U 2.6GHz","Intel HD Graphics 620",8GB,50k-75K
"AMD A6-Series 7310 2GHz","AMD Radeon R4",4GB,>25k
"Intel Atom Z8350 1.92GHz","Intel HD Graphics 400",4GB,>25k
"Intel Core i7 7500U 2.7GHz","Nvidia GeForce 930MX",8GB,50k-75K
"Intel Core i7 6500U 2.5GHz","Intel HD Graphics 520",64GB,75k-100K
"Intel Core i5 7200U 2.5GHz","Intel HD Graphics 620",8GB,25k-50k
"Intel Core i5 7200U 2.5GHz","Intel HD Graphics 620",8GB,75k-100K
"Intel Core i7 7700HQ 2.8GHz","Nvidia GeForce GTX 1070",32GB,100k+
"Intel Core i7 7700HQ 2.8GHz","Nvidia GeForce GTX 1050 Ti",8GB,50k-75K
"Intel Core i5 7200U 2.5GHz","Intel HD Graphics 620",4GB,25k-50k
"Intel Core i3 7100U 2.4GHz","Intel HD Graphics 620",4GB,25k-50k
"Intel Core i5 7200U 2.5GHz","AMD Radeon R7 M445",8GB,25k-50k
"AMD A9-Series 9420 3GHz","AMD Radeon 520",4GB,25k-50k
"Intel Core i7 6700HQ 2.6GHz","Nvidia GeForce GTX 1060",16GB,100k+
"Intel Core i5 7200U 2.5GHz","Intel HD Graphics 620",12GB,25k-50k
"AMD A9-Series A9-9420 3GHz","AMD Radeon 520",6GB,25k-50k
"Intel Core i5 7200U 2.5GHz","Intel HD Graphics 620",4GB,25k-50k
"Intel Core i5 7200U 2.5GHz","Intel HD Graphics 620",8GB,50k-75K
"Intel Core i7 7500U 2.7GHz","Intel HD Graphics 620",4GB,25k-50k
"Intel Core i7 7700HQ 2.8GHz","Nvidia Quadro M2200",16GB,100k+
"Intel Core i5 8250U 1.6GHz","Intel UHD Graphics 620",8GB,25k-50k
"Intel Core i7 7700HQ 2.8GHz","Nvidia GeForce GTX 1060",16GB,100k+
"Intel Core i3 6006U 2GHz","Intel HD Graphics 520",4GB,>25k
"Intel Core i7 7500U 2.7GHz","Nvidia GeForce 940MX",8GB,50k-75K
"Intel Core i3 6006U 2GHz","Intel HD Graphics 520",8GB,25k-50k
"Intel Core i5 7200U 2.5GHz","Intel HD Graphics 620",8GB,75k-100K
"Intel Core i5 7200U 2.5GHz","Intel HD Graphics 620",8GB,50k-75K
"Intel Core i7 7600U 2.8GHz","Nvidia Quadro M520M",16GB,100k+
"Intel Celeron Dual Core N3060 1.6GHz","Intel HD Graphics 400",2GB,>25k
"Intel Core i7 7500U 2.7GHz","Intel HD Graphics 620",16GB,75k-100K
"Intel Core i5 7200U 2.5GHz","Intel HD Graphics 620",8GB,50k-75K
"Intel Xeon E3-1535M v5 2.9GHz","Nvidia Quadro M2000M",16GB,100k+
"Intel Celeron Dual Core N3060 1.6GHz","Intel HD Graphics 400",4GB,25k-50k
"Intel Core i5 6300U 2.4GHz","Intel HD Graphics 520",8GB,100k+
"Intel Core i5 6300HQ 2.3GHz","Nvidia GeForce GTX 950M",4GB,25k-50k
"Intel Core i7 7500U 2.7GHz","Intel HD Graphics 620",4GB,25k-50k
"Intel Core i5 6260U 1.8GHz","Intel HD Graphics 540",8GB,50k-75K
"Intel Core i5 7300HQ 2.5GHz","Nvidia GeForce GTX 1050",8GB,50k-75K
"Intel Core i7 6700HQ 2.6GHz","Nvidia Quadro M1000M",8GB,75k-100K
"Intel Core i7 7700HQ 2.8GHz","Nvidia GeForce GTX 1070",16GB,100k+
"Intel Core i5 7200U 2.5GHz","Intel HD Graphics 620",4GB,25k-50k
"Intel Core i7 7700HQ 2.8GHz","Nvidia GeForce GTX 1050",8GB,50k-75K
"Intel Core i7 7600U 2.8GHz","Intel HD Graphics 620",16GB,75k-100K
"Intel Core i5 7Y57 1.2GHz","Intel HD Graphics 615",8GB,75k-100K
"Intel Core i5 7200U 2.5GHz","Intel HD Graphics 620",8GB,50k-75K
"Intel Core i3 6006U 2GHz","Intel HD Graphics 520",4GB,25k-50k
"Intel Core i5 6200U 2.3GHz","Intel HD Graphics 520",4GB,25k-50k
"Intel Pentium Quad Core N4200 1.1GHz","Nvidia GeForce 920MX",4GB,25k-50k
"Intel Core i7 6700HQ 2.6GHz","Nvidia GeForce GTX 960M",16GB,50k-75K
"Intel Core i7 7500U 2.7GHz","Intel HD Graphics 620",8GB,75k-100K
"Intel Pentium Quad Core N4200 1.1GHz","Intel HD Graphics 505",4GB,>25k
"Intel Core i7 7500U 2.7GHz","AMD Radeon R7 M445",16GB,50k-75K
"Intel Core i7 7500U 2.7GHz","AMD Radeon 540",16GB,75k-100K
"Intel Core i5 6200U 2.3GHz","Intel HD Graphics 520",4GB,50k-75K
"Intel Core i7 7700HQ 2.8GHz","Nvidia GeForce GTX 1050",8GB,50k-75K
"Intel Core i7 7500U 2.7GHz","Nvidia GeForce 940MX",12GB,25k-50k
"Intel Core i7 6820HQ 2.7GHz","Nvidia Quadro M2000M",16GB,100k+
"Intel Core i3 7100U 2.4GHz","Intel HD Graphics 620",4GB,25k-50k
"Intel Core i7 7700HQ 2.8GHz","Nvidia GeForce GTX 1060",16GB,100k+
"Intel Pentium Dual Core N4200 1.1GHz","Intel HD Graphics 505",8GB,25k-50k
"Intel Core i7 7700HQ 2.8GHz","Nvidia GeForce GTX 1070M",32GB,100k+
"Intel Core i7 6700HQ 2.6GHz","Nvidia GeForce GTX 1070",16GB,100k+
"Intel Core i7 6600U 2.6GHz","Nvidia GeForce 930M",16GB,75k-100K
"Intel Celeron Quad Core N3710 1.6GHz","Intel HD Graphics 405",8GB,>25k
"Intel Core i7 7500U 2.7GHz","Intel HD Graphics 620",16GB,100k+
"Intel Core i7 7700HQ 2.8GHz","Nvidia GeForce GTX 1060",16GB,100k+
"Intel Core i5 7300HQ 2.5GHz","Nvidia GeForce GTX 1050",8GB,50k-75K
"Intel Core i7 7700HQ 2.8GHz","Nvidia GeForce GTX 1050",4GB,50k-75K
"Intel Core i7 7700HQ 2.8GHz","Nvidia GeForce GTX 1060",16GB,100k+
"Intel Core i5 7300HQ 2.5GHz","Nvidia GeForce GTX 1050",8GB,50k-75K
"Intel Core i7 7700HQ 2.8GHz","Nvidia GeForce GTX1060",8GB,50k-75K
"Intel Celeron Dual Core N3350 1.1GHz","Intel HD Graphics 500",4GB,>25k
"Intel Core i7 7500U 2.7GHz","Intel HD Graphics 620",8GB,100k+
"Intel Core i5 7200U 2.5GHz","AMD Radeon R7 M460",8GB,50k-75K
"Intel Core M 1.2GHz","Intel HD Graphics 5300",8GB,50k-75K
"Intel Core i5 7200U 2.5GHz","Intel HD Graphics 620",8GB,100k+
"Intel Celeron Dual Core N3350 1.1GHz","Intel HD Graphics 500",4GB,>25k
"Intel Core i5 7200U 2.5GHz","Intel HD Graphics 620",8GB,25k-50k
"Intel Core i7 7500U 2.7GHz","Intel HD Graphics 620",8GB,50k-75K
"Intel Core i3 6006U 2GHz","AMD Radeon R5 M420X",8GB,25k-50k
"Intel Core i7 7700HQ 2.8GHz","Nvidia Quadro M2200",8GB,100k+
"Intel Core i5 7200U 2.5GHz","Intel HD Graphics 620",8GB,50k-75K
"Intel Core i5 7200U 2.5GHz","Intel HD Graphics 620",8GB,75k-100K
"Intel Core i5 7300HQ 2.5GHz","Nvidia GeForce GTX 1050",8GB,75k-100K
"Intel Pentium Quad Core N4200 1.1GHz","Intel HD Graphics 505",4GB,25k-50k
"Intel Core i5 7300U 2.6GHz","Intel HD Graphics 620",8GB,50k-75K
"Intel Core i5 6200U 2.3GHz","Intel HD Graphics 520",4GB,25k-50k
"AMD A12-Series 9700P 2.5GHz","AMD Radeon R7 Graphics",8GB,25k-50k
"Intel Core i7 7700HQ 2.8GHz","Nvidia GeForce GTX 1050 Ti",16GB,75k-100K
"Intel Core i5 7200U 2.5GHz","Nvidia GeForce 920M",4GB,25k-50k
"Intel Core i7 7700HQ 2.8GHz","AMD Radeon RX 580",12GB,75k-100K
"Intel Core i7 7700HQ 2.8GHz","Nvidia GeForce GTX 1070",16GB,100k+
"Intel Core i5 7200U 2.5GHz","Intel HD Graphics 620",8GB,75k-100K
"Intel Core i7 7500U 2.7GHz","Nvidia GeForce GT 940MX",8GB,50k-75K
"Intel Core i5 7200U 2.5GHz","AMD Radeon R5 M420",8GB,25k-50k
"Intel Core i7 7500U 2.7GHz","Intel HD Graphics 620",8GB,75k-100K
"Intel Core i7 7500U 2.5GHz","Intel HD Graphics 620",16GB,75k-100K
"Intel Celeron Dual Core N3060 1.6GHz","Intel HD Graphics 400",4GB,>25k
"Intel Core i7 7700HQ 2.8GHz","Nvidia GeForce GTX 1060",16GB,100k+
"Intel Core i5 6200U 2.3GHz","Intel HD Graphics 520",4GB,25k-50k
"Intel Core i3 6006U 2GHz","Intel HD Graphics 520",4GB,25k-50k
"Intel Core i5 7200U 2.5GHz","Intel HD Graphics 620",4GB,50k-75K
"Intel Core i7 7500U 2.7GHz","Intel HD Graphics 620",8GB,100k+
"Intel Core i5 7300HQ 2.5GHz","Nvidia GeForce GTX 1050",8GB,50k-75K
"Intel Core i5 7200U 2.5GHz","Intel HD Graphics 620",8GB,75k-100K
"Intel Pentium Dual Core 4405U 2.1GHz","Intel HD Graphics 510",4GB,25k-50k
"Intel Core i5 7200U 2.5GHz","Intel HD Graphics 620",8GB,50k-75K
"Intel Core i3 6006U 2GHz","Intel HD Graphics 520",4GB,25k-50k
"Intel Celeron Dual Core N3060 1.6GHz","Intel HD Graphics 400",4GB,>25k
"Intel Core i3 7100U 2.4GHz","Intel HD Graphics 620",8GB,25k-50k
"Intel Core i7 7820HK 2.9GHz","Nvidia GeForce GTX 1080",32GB,100k+
"Intel Core i7 6600U 2.6GHz","Intel HD Graphics 520",16GB,100k+
"Intel Core i5 7200U 2.5GHz","Nvidia GeForce 920",4GB,25k-50k
"Intel Core i5 6200U 2.3GHz","Intel HD Graphics 520",8GB,50k-75K
"Intel Core i5 7300U 2.6GHz","Intel HD Graphics 620",8GB,75k-100K
"Intel Core i7 7700HQ 2.8GHz","Nvidia GeForce GTX 1070",16GB,100k+
"Intel Core i7 7700HQ 2.8GHz","Nvidia GeForce GTX 1070",16GB,100k+
"Intel Core i3 7100U 2.4GHz","Intel HD Graphics 620",4GB,25k-50k
"Intel Celeron Quad Core N3160 1.6GHz","Intel HD Graphics 400",4GB,>25k
"Intel Core i5 7200U 2.5GHz","Intel HD Graphics 620",8GB,25k-50k
"Intel Core i7 6700HQ 2.6GHz","Nvidia GeForce GTX 1060",16GB,75k-100K
"Intel Core i7 7700HQ 2.8GHz","Nvidia GeForce GTX 1070",32GB,100k+
"Intel Core i5 7200U 2.5GHz","Nvidia GeForce 930MX",8GB,25k-50k
"Intel Core i5 7200U 2.5GHz","Intel HD Graphics 620",8GB,25k-50k
"Intel Core i7 6500U 2.5GHz","Intel HD Graphics 520",8GB,75k-100K
"Intel Core i7 7500U 2.7GHz","AMD Radeon R5 M420",4GB,25k-50k
"Intel Celeron Dual Core N3350 1.1GHz","Intel HD Graphics 500",4GB,25k-50k
"Intel Core i5 6200U 2.3GHz","Nvidia GeForce 940M",8GB,50k-75K
"Intel Core i5 7200U 2.5GHz","Intel HD Graphics 620",8GB,100k+
"Intel Core i7 6500U 2.5GHz","Intel HD Graphics 520",8GB,75k-100K
"Intel Celeron Dual Core N3060 1.6GHz","Intel HD Graphics 400",4GB,>25k
"Intel Core i7 7700HQ 2.8GHz","Nvidia GeForce GTX 1060",16GB,100k+
"Intel Core i7 7500U 2.7GHz","AMD Radeon R7 M445",8GB,25k-50k
"Intel Core i7 7700HQ 2.8GHz","Nvidia GeForce GT 940MX",8GB,100k+
"Intel Core i7 7500U 2.7GHz","Nvidia GeForce GTX 930MX",8GB,25k-50k
"Intel Core i5 7200U 2.5GHz","Intel HD Graphics 620",8GB,50k-75K
"Intel Pentium Quad Core N4200 1.1GHz","Intel HD Graphics 505",4GB,>25k
"Intel Core i7 7600U 2.8GHz","Intel HD Graphics 620",8GB,100k+
"Intel Core i5 6200U 2.3GHz","Intel HD Graphics 520",8GB,25k-50k
"Intel Core i3 6006U 2.0GHz","Intel HD Graphics 520",4GB,>25k
"Intel Core i5 7200U 2.5GHz","Intel HD Graphics 620",8GB,25k-50k
"Intel Core i5 7300U 2.6GHz","AMD Radeon R7 M465",8GB,50k-75K
"Intel Core i5 7200U 2.5GHz","Intel HD Graphics 620",4GB,50k-75K
"Intel Core i5 7300HQ 2.5GHz","Nvidia GeForce GTX 1050",8GB,50k-75K
"Intel Core i7 7660U 2.5GHz","Intel Iris Plus Graphics 640",16GB,100k+
"Intel Core i5 6200U 2.3GHz","Intel HD Graphics 520",4GB,25k-50k
"Intel Core i5 6200U 2.3GHz","Intel HD Graphics 520",8GB,50k-75K
"Intel Core i7 7500U 2.7GHz","Intel HD Graphics 620",8GB,100k+
"Intel Core i5 7200U 2.5GHz","Intel HD Graphics 620",8GB,25k-50k
"Intel Core i7 7700HQ 2.8GHz","Nvidia Quadro M620",8GB,75k-100K
"Intel Core i5 7200U 2.5GHz","Intel HD Graphics 620",4GB,50k-75K
"Intel Core i3 6006U 2GHz","AMD Radeon R5 M430",4GB,25k-50k
"Intel Core i7 7500U 2.7GHz","Intel HD Graphics 620",8GB,50k-75K
"Intel Core i3 7100U 2.4GHz","Intel HD Graphics 620",4GB,25k-50k
"Intel Core i7 7500U 2.7GHz","Nvidia GeForce 940MX",16GB,75k-100K
"Intel Core i7 7600U 2.8GHz","Intel HD Graphics 620",8GB,75k-100K
"Intel Pentium Quad Core N4200 1.1GHz","Intel HD Graphics 505",4GB,>25k
"Intel Core i5 6200U 2.3GHz","Nvidia GeForce 940MX",8GB,25k-50k
"Intel Core i5 7200U 2.5GHz","Nvidia GeForce 940MX",4GB,25k-50k
"Intel Core i5 7200U 2.5GHz","Intel HD Graphics 620",4GB,25k-50k
"Intel Core i5 7200U 2.5GHz","Intel HD Graphics 620",4GB,75k-100K
"Intel Core i5 7200U 2.5GHz","Intel HD Graphics 620",4GB,25k-50k
"Intel Celeron Dual Core N3350 1.1GHz","Intel HD Graphics 500",4GB,>25k
"Intel Core i7 6500U 2.5GHz","Nvidia GeForce 940MX",8GB,25k-50k
"Intel Pentium Quad Core N3710 1.6GHz","Intel HD Graphics",4GB,>25k
"Intel Core i5 7200U 2.5GHz","Intel HD Graphics 620",4GB,75k-100K
"Intel Core i3 6006U 2.0GHz","AMD Radeon R5 M420X",4GB,>25k
"Intel Core i5 7300HQ 2.5GHz","Nvidia GeForce GTX 1050",12GB,50k-75K
"Intel Celeron Dual Core N3060 1.6GHz","Intel HD Graphics 400",4GB,>25k
"AMD A4-Series 7210 2.2GHz","AMD Radeon R3",4GB,>25k
"Intel Core i5 7200U 2.5GHz","Intel HD Graphics 620",4GB,50k-75K
"Intel Core i7 7500U 2.7GHz","Intel HD Graphics 620",16GB,50k-75K
"Intel Core i7 7500U 2.7GHz","Intel HD Graphics 620",8GB,75k-100K
"Intel Core i5 7200U 2.5GHz","Intel HD Graphics 620",8GB,75k-100K
"Intel Core i7 6700HQ 2.6GHz","Nvidia GeForce GTX 1060",16GB,100k+
"Intel Core i5 7200U 2.5GHz","Intel HD Graphics 620",8GB,75k-100K
"Intel Core i7 7700HQ 2.8GHz","Nvidia GeForce GTX 1050Ti",8GB,25k-50k
"Intel Core i7 7500U 2.7GHz","Nvidia GeForce 930MX",8GB,25k-50k
"Intel Core i3 6006U 2.0GHz","AMD Radeon R5 M420X",4GB,25k-50k
"Intel Core i5 7300U 2.6GHz","Intel HD Graphics 620",8GB,25k-50k
"Intel Core i7 7Y75 1.3GHz","Intel HD Graphics 615",8GB,100k+
"Intel Core i7 6820HK 2.7GHz","Nvidia GeForce GTX 980M",32GB,50k-75K
"Intel Core i7 7Y75 1.3GHz","Intel HD Graphics 615",16GB,75k-100K
"Intel Core i7 7500U 2.7GHz","Intel HD Graphics 620",8GB,100k+
"Intel Core i5 7200U 2.5GHz","Intel HD Graphics 620",8GB,100k+
"Intel Core i7 7500U 2.7GHz","Intel HD Graphics 620",16GB,100k+
"Intel Core i7 7500U 2.7GHz","Intel HD Graphics 620",8GB,75k-100K
"Intel Celeron Dual Core 3205U 1.5GHz","Intel HD Graphics",4GB,>25k
"Intel Core i5 6300HQ 2.3GHz","Nvidia GeForce GTX 960M",8GB,25k-50k
"Intel Core i7 7500U 2.7GHz","Intel HD Graphics 620",8GB,100k+
"Intel Core i5 7440HQ 2.8GHz","Intel HD Graphics 620",8GB,50k-75K
"Intel Core M 6Y75 1.2GHz","Intel HD Graphics 515",8GB,100k+
"Intel Core i7 7500U 2.7GHz","Nvidia GeForce 940MX",6GB,25k-50k
"Intel Core i7 7500U 2.7GHz","Nvidia GeForce 930MX",8GB,50k-75K
"Intel Core i3 7100U 2.4GHz","Intel HD Graphics 620",4GB,25k-50k
"Intel Core i5 7200U 2.5GHz","Intel HD Graphics 620",4GB,25k-50k
"Intel Core i5 7200U 2.5GHz","Intel HD Graphics 620",8GB,50k-75K
"Intel Core i7 7700HQ 2.8GHz","Nvidia GeForce GTX 1050 Ti",16GB,75k-100K
"Intel Core i7 7700HQ 2.8GHz","Nvidia GeForce GTX 1050 Ti",16GB,50k-75K
"Intel Core i5 7300HQ 2.5GHz","Nvidia GeForce GTX 1050",8GB,50k-75K
"Intel Core i5 7200U 2.5GHz","AMD Radeon R5 M420",4GB,25k-50k
"Intel Core i7 6500U 2.5GHz","AMD Radeon R7 M365X",8GB,50k-75K
"Intel Core i5 7200U 2.5GHz","Intel HD Graphics 620",8GB,75k-100K
"Intel Core i5 6200U 2.3GHz","Intel HD Graphics 520",4GB,25k-50k
"Intel Core i7 7500U 2.7GHz","Intel HD Graphics 620",8GB,75k-100K
"Intel Core i5 6200U 2.3GHz","Intel HD Graphics 520",8GB,50k-75K
"Intel Core i5 7200U 2.5GHz","Intel HD Graphics 620",4GB,25k-50k
"Intel Core i5 6200U 2.3GHz","Intel HD Graphics 520",4GB,50k-75K
"Intel Pentium Quad Core N4200 1.1GHz","Intel HD Graphics 505",4GB,>25k
"Intel Core i5 6200U 2.3GHz","Intel HD Graphics 520",4GB,75k-100K
"Intel Celeron Dual Core N3060 1.6GHz","Intel HD Graphics 400",4GB,>25k
"Intel Core i7 6560U 2.2GHz","Intel Iris Graphics 540",16GB,75k-100K
"Intel Core i5 6200U 2.3GHz","Intel HD Graphics 520",4GB,50k-75K
"Intel Core i5 6200U 2.3GHz","Intel HD Graphics 520",8GB,75k-100K
"Intel Core i3 6006U 2.0GHz","Intel HD Graphics 520",4GB,25k-50k
"Intel Core i7 7700HQ 2.8GHz","Nvidia GeForce GTX 1050",8GB,50k-75K
"Intel Core i7 6820HK 2.7GHz","Nvidia GeForce GTX 1080",16GB,100k+
"Intel Core i5 6300HQ 2.3GHz","Nvidia GeForce GTX 965M",8GB,50k-75K
"Intel Pentium Quad Core N3710 1.6GHz","Nvidia GeForce 920MX",4GB,25k-50k
"Intel Core i5 7200U 2.5GHz","Intel HD Graphics 620",4GB,25k-50k
"Intel Core i5 6200U 2.3GHz","Intel HD Graphics 520",8GB,50k-75K
"Intel Core M m7-6Y75 1.2GHz","Intel HD Graphics 515",8GB,50k-75K
"AMD FX 8800P 2.1GHz","AMD Radeon R9 M385",16GB,50k-75K
"Intel Core i5 7200U 2.5GHz","Intel HD Graphics",8GB,75k-100K
"Intel Core i7 7500U 2.7GHz","Nvidia GeForce 920MX",8GB,25k-50k
"Intel Core i3 6006U 2.0GHz","AMD Radeon R7 M445",4GB,25k-50k
"Intel Celeron Dual Core N3060 1.6GHz","Intel HD Graphics 400",4GB,>25k
"Intel Core i7 6820HQ 2.7GHz","Nvidia Quadro M1000M",8GB,100k+
"Intel Core i7 7600U 2.8GHz","Intel HD Graphics 620",8GB,75k-100K
"Intel Core i5 6200U 2.3GHz","Intel HD Graphics 520",8GB,75k-100K
"Intel Core M M7-6Y75 1.2GHz","Intel HD Graphics 515",8GB,50k-75K
"Intel Core i7 6600U 2.6GHz","Intel HD Graphics 520",8GB,75k-100K
"Intel Core i7 7700HQ 2.8GHz","Nvidia GeForce GTX 1070",16GB,100k+
"Intel Core i5 7Y54 1.2GHz","Intel HD Graphics 615",8GB,100k+
"Intel Pentium Quad Core N4200 1.1GHz","Intel HD Graphics 505",4GB,25k-50k
"Intel Core i7 6500U 2.5GHz","Intel HD Graphics 520",8GB,50k-75K
"Intel Celeron Dual Core N3060 1.6GHz","Intel HD Graphics 400",4GB,>25k
"Intel Core i5 6300U 2.4GHz","Intel HD Graphics 520",8GB,75k-100K
"Intel Core i5 7300U 2.6GHz","Intel HD Graphics 620",8GB,75k-100K
"Intel Core i5 7200U 2.5GHz","Nvidia GeForce GTX 950M",12GB,50k-75K
"Intel Core i7 7500U 2.7GHz","Intel HD Graphics 620",8GB,75k-100K
"Intel Core i5 7200U 2.50GHz","Nvidia GeForce 930MX",8GB,25k-50k
"Intel Core i3 6006U 2.0GHz","AMD Radeon R5 M430",4GB,>25k
"Intel Core i5 7200U 2.5GHz","Intel HD Graphics 620",4GB,25k-50k
"Intel Core i3 7100U 2.4GHz","Intel HD Graphics 620",4GB,25k-50k
"Intel Core i7 7700HQ 2.8GHz","Nvidia GeForce GTX 1070",32GB,100k+
"Intel Core i5 7200U 2.5GHz","Nvidia GeForce 920MX",6GB,25k-50k
"Intel Core i7 7Y75 1.3GHz","Intel HD Graphics 615",16GB,100k+
"Intel Core i7 6600U 2.6GHz","Intel HD Graphics 520",8GB,100k+
"Intel Core i7 6700HQ 2.6GHz","Nvidia GeForce GTX 1070",32GB,100k+
"Intel Core i5 6200U 2.3GHz","Intel HD Graphics 520",8GB,50k-75K
"Intel Core i7 7700HQ 2.8GHz","Nvidia GeForce GTX 1060",16GB,100k+
"Intel Core i5 7200U 2.70GHz","Nvidia GeForce 930MX",8GB,50k-75K
"Intel Core i5 6200U 2.3GHz","Intel HD Graphics 520",4GB,50k-75K
"Intel Core i7 7500U 2.7GHz","Nvidia GeForce GTX 950M",16GB,75k-100K
"Intel Core i7 7700HQ 2.8GHz","Nvidia GeForce GTX 1050 Ti",16GB,75k-100K
"Intel Core i7 7500U 2.7GHz","Intel HD Graphics 620",12GB,50k-75K
"Intel Core i5 6200U 2.3GHz","Intel HD Graphics 520",4GB,50k-75K
"AMD A12-Series 9720P 3.6GHz","AMD Radeon 530",6GB,25k-50k
"Intel Core i5 6200U 2.3GHz","Intel HD Graphics 520",4GB,25k-50k
"Intel Core i5 6200U 2.3GHz","Intel HD Graphics 520",4GB,25k-50k
"Intel Core i5 7200U 2.5GHz","AMD Radeon R5 M430",4GB,25k-50k
"Intel Core i5 7200U 2.5GHz","Intel HD Graphics 620",8GB,25k-50k
"Intel Core i7 7700HQ 2.8GHz","Nvidia GeForce GTX 1060",8GB,50k-75K
"Intel Core i7 7500U 2.7GHz","AMD Radeon R7 M445",8GB,25k-50k
"Intel Core i5 7200U 2.5GHz","Intel HD Graphics 620 ",8GB,50k-75K
"Intel Core M 6Y75 1.2GHz","Intel HD Graphics 515",8GB,100k+
"Intel Core i3 6006U 2GHz","AMD Radeon 520",4GB,25k-50k
"Intel Celeron Dual Core N3350 1.1GHz","Intel HD Graphics 500",4GB,>25k
"Intel Core i5 6200U 2.3GHz","Intel HD Graphics 520",8GB,50k-75K
"Intel Core i5 7200U 2.5GHz","Intel HD Graphics 620",8GB,50k-75K
"Intel Core i7 7500U 2.7GHz","Intel HD Graphics 620",8GB,50k-75K
"Intel Pentium Quad Core N4200 1.1GHz","Intel HD Graphics 505",4GB,>25k
"Intel Core i7 7700HQ 2.8GHz","Nvidia GeForce GTX 1050 Ti",16GB,75k-100K
"Intel Core i7 7500U 2.7GHz","Intel HD Graphics 620",8GB,100k+
"Intel Core i7 7700HQ 2.8GHz","Nvidia GeForce GTX 1050",8GB,50k-75K
"Intel Core i5 7200U 2.5GHz","Intel HD Graphics 620",8GB,50k-75K
"Intel Core i3 7100U 2.4GHz","Intel HD Graphics 620",4GB,25k-50k
"Intel Core i5 7200U 2.5GHz","Intel HD Graphics 620",4GB,25k-50k
"Intel Core i5 6200U 2.3GHz","Intel HD Graphics 520",4GB,50k-75K
"Intel Core i5 6300U 2.4GHz","Intel HD Graphics 520",4GB,50k-75K
"Intel Core i5 7200U 2.5GHz","Intel HD Graphics 620",4GB,50k-75K
"Intel Core i7 6600U 2.6GHz","Intel HD Graphics 520",8GB,75k-100K
"Intel Core i5 7200U 2.5GHz","Nvidia GeForce 930MX",8GB,50k-75K
"Intel Core i3 7100U 2.4GHz","Intel HD Graphics 620",4GB,25k-50k
"Intel Core i5 7300HQ 2.5GHz","Nvidia GeForce GTX 1050",8GB,50k-75K
"Intel Core i5 7200U 2.5GHz","Intel HD Graphics 620",4GB,75k-100K
"Intel Core i5 7200U 2.5GHz","Intel HD Graphics 620",4GB,75k-100K
"Intel Core i7 6500U 2.5GHz","Intel HD Graphics 520",8GB,100k+
"Intel Core i3 7100U 2.4GHz","Intel HD Graphics 620",4GB,25k-50k
"Intel Core i5 6200U 2.3GHz","Intel HD Graphics 520",8GB,50k-75K
"Intel Core i3 7100U 2.4GHz","Intel HD Graphics 620",4GB,25k-50k
"Intel Core i7 6820HQ 2.7GHz","Nvidia Quadro 3000M",16GB,100k+
"Intel Core i5 6200U 2.3GHz","Intel HD Graphics 520",8GB,75k-100K
"Intel Core i7 6500U 2.5GHz","Intel HD Graphics 520",8GB,100k+
"Intel Core i3 6100U 2.3GHz","Intel HD Graphics 520",4GB,25k-50k
"Intel Core i5 6200U 2.3GHz","Intel HD Graphics 520",8GB,75k-100K
"Intel Core i5 7200U 2.5GHz","Intel HD Graphics 620",8GB,50k-75K
"Intel Core i7 7500U 2.7GHz","Nvidia GeForce 930MX",8GB,50k-75K
"Intel Core i5 6300U 2.4GHz","Intel HD Graphics 520",8GB,50k-75K
"Intel Core i5 7200U 2.5GHz","Intel HD Graphics 620",4GB,75k-100K
"Intel Core i5 7200U 2.5GHz","Intel HD Graphics 620",4GB,50k-75K
