ScreenResolution,weight
"IPS Panel Retina Display 2560x1600",1.37
1440x900,1.35
"Full HD 1920x1080",2.15
"IPS Panel Retina Display 2880x1800",1.88
1366x768,2.02
"IPS Panel Full HD 1920x1080",2.35
"IPS Panel Retina Display 2304x1440",0.92
"IPS Panel Full HD / Touchscreen 1920x1080",1.64
"Full HD / Touchscreen 1920x1080",1.7
"Touchscreen / Quad HD+ 3200x1800",1.2
"Touchscreen 2256x1504",1.25
"Quad HD+ / Touchscreen 3200x1800",1.25
"IPS Panel 1366x768",1.58
"IPS Panel 4K Ultra HD / Touchscreen 3840x2160",1.32
"IPS Panel Full HD 2160x1440",1.05
"4K Ultra HD / Touchscreen 3840x2160",2.27
1600x900,2.92
"IPS Panel 4K Ultra HD 3840x2160",2.78
"4K Ultra HD 3840x2160",2.84
"Touchscreen 1366x768",1.8
"Touchscreen 2560x1440",1.44
"IPS Panel Full HD 1366x768",2.1
"IPS Panel 2560x1440",1.95
"IPS Panel Full HD 2560x1440",1.7
"IPS Panel Retina Display 2736x1824",1.4
"Touchscreen 2400x1600",1.1
2560x1440,2.41
"IPS Panel Quad HD+ 2560x1440",1.22
"IPS Panel Quad HD+ 3200x1800",1.27
"IPS Panel Quad HD+ / Touchscreen 3200x1800",1.28
"IPS Panel Touchscreen 1366x768",1.36
1920x1080,1.75
"IPS Panel Full HD 1920x1200",1.4
"IPS Panel Touchscreen / 4K Ultra HD 3840x2160",2.38
"IPS Panel Touchscreen 2560x1440",1.57
"Touchscreen / Full HD 1920x1080",1.1
"Quad HD+ 3200x1800",1.33
"IPS Panel Touchscreen 1920x1200",0.69
"Touchscreen / 4K Ultra HD 3840x2160",1.25
"IPS Panel Touchscreen 2400x1600",1.15
